lang	kind	shape	introduced	ledger-status	rows	in-cache	apis
class	objc	class	11.0	decided	1	0	NSCoreDataCoreSpotlightDelegate
class	objc	class	13.0	missing	3	0	NSBatchInsertRequest;NSBatchInsertResult;NSDerivedAttributeDescription
class	objc	class	14.0	missing	3	0	NSPersistentCloudKitContainerEvent;NSPersistentCloudKitContainerEventRequest;NSPersistentCloudKitContainerEventResult
class	objc	class	17.0	missing	6	0	NSCompositeAttributeDescription;NSCustomMigrationStage;NSLightweightMigrationStage;NSManagedObjectModelReference;NSMigrationStage;NSStagedMigrationManager
constant	objc	class	10.0	missing	2	0	NSManagedObjectContextQueryGenerationKey;NSPersistentStoreConnectionPoolMaxSizeKey
constant	objc	class	10.3	missing	7	0	NSDeletedObjectIDsKey;NSInsertedObjectIDsKey;NSInvalidatedObjectIDsKey;NSManagedObjectContextDidMergeChangesObjectIDsNotification;NSManagedObjectContextDidSaveObjectIDsNotification;NSRefreshedObjectIDsKey;NSUpdatedObjectIDsKey
constant	objc	class	11.0	header-ok	13	0	NSFetchIndexElementTypeBinary;NSFetchIndexElementTypeRTree;NSPersistentHistoryChangeTypeDelete;NSPersistentHistoryChangeTypeInsert;NSPersistentHistoryChangeTypeUpdate;NSPersistentHistoryResultTypeChangesOnly;NSPersistentHistoryResultTypeCount;NSPersistentHistoryResultTypeObjectIDs;NSPersistentHistoryResultTypeStatusOnly;NSPersistentHistoryResultTypeTransactionsAndChanges;NSPersistentHistoryResultTypeTransactionsOnly;NSURIAttributeType;NSUUIDAttributeType
constant	objc	class	13.0	header-ok	4	0	NSBatchInsertRequestResultTypeCount;NSBatchInsertRequestResultTypeObjectIDs;NSBatchInsertRequestResultTypeStatusOnly;NSBatchInsertRequestType
constant	objc	class	14.0	missing	4	0	NSCoreDataCoreSpotlightDelegateIndexDidUpdateNotification;NSPersistentCloudKitContainerEventChangedNotification;NSPersistentCloudKitContainerEventUserInfoKey;NSPersistentStoreDeferredLightweightMigrationOptionKey
constant	objc	class	14.0	header-ok	5	0	NSPersistentCloudKitContainerEventResultTypeCountEvents;NSPersistentCloudKitContainerEventResultTypeEvents;NSPersistentCloudKitContainerEventTypeExport;NSPersistentCloudKitContainerEventTypeImport;NSPersistentCloudKitContainerEventTypeSetup
constant	objc	class	17.0	missing	1	0	NSPersistentStoreStagedMigrationManagerOptionKey
constant	objc	class	17.0	header-ok	1	0	NSCompositeAttributeType
constant	objc	class	18.0	missing	1	0	NSPersistentStoreModelVersionChecksumKey
constant	objc	class	7.0	missing	6	1	NSPersistentStoreCoordinatorStoresWillChangeNotification;NSPersistentStoreRebuildFromUbiquitousContentOption;NSPersistentStoreRemoveUbiquitousMetadataOption;NSPersistentStoreUbiquitousContainerIdentifierKey;NSPersistentStoreUbiquitousPeerTokenOption;NSPersistentStoreUbiquitousTransitionTypeKey
constant	objc	class	7.0	header-ok	4	0	NSPersistentStoreUbiquitousTransitionTypeAccountAdded;NSPersistentStoreUbiquitousTransitionTypeAccountRemoved;NSPersistentStoreUbiquitousTransitionTypeContentRemoved;NSPersistentStoreUbiquitousTransitionTypeInitialImportCompleted
constant	objc	class	8.0	header-ok	4	0	NSBatchUpdateRequestType;NSStatusOnlyResultType;NSUpdatedObjectIDsResultType;NSUpdatedObjectsCountResultType
constant	objc	class	9.0	header-ok	4	0	NSBatchDeleteRequestType;NSBatchDeleteResultTypeCount;NSBatchDeleteResultTypeObjectIDs;NSBatchDeleteResultTypeStatusOnly
constant	swift	class	10.0	undecided	1	0	NSManagedObjectContext.NotificationKey.queryGeneration
constant	swift	class	10.3	undecided	5	0	NSManagedObjectContext.NotificationKey.deletedObjectIDs;NSManagedObjectContext.NotificationKey.insertedObjectIDs;NSManagedObjectContext.NotificationKey.invalidatedObjectIDs;NSManagedObjectContext.NotificationKey.refreshedObjectIDs;NSManagedObjectContext.NotificationKey.updatedObjectIDs
constant	swift	class	15.0	undecided	2	0	NSManagedObjectContext.ScheduledTaskType.enqueued;NSManagedObjectContext.ScheduledTaskType.immediate
enum	objc	class	11.0	header-ok	3	0	NSFetchIndexElementType;NSPersistentHistoryChangeType;NSPersistentHistoryResultType
enum	objc	class	13.0	header-ok	1	0	NSBatchInsertRequestResultType
enum	objc	class	14.0	header-ok	2	0	NSPersistentCloudKitContainerEventResultType;NSPersistentCloudKitContainerEventType
enum	objc	class	7.0	header-ok	1	0	NSPersistentStoreUbiquitousTransitionType
enum	objc	class	8.0	header-ok	1	0	NSBatchUpdateRequestResultType
enum	objc	class	9.0	header-ok	1	0	NSBatchDeleteRequestResultType
enum	swift	class	15.0	undecided	1	0	NSManagedObjectContext.ScheduledTaskType
method	objc	member	11.0	missing	7	0	-[NSCoreDataCoreSpotlightDelegate attributeSetForObject:];-[NSCoreDataCoreSpotlightDelegate domainIdentifier];-[NSCoreDataCoreSpotlightDelegate indexName];-[NSCoreDataCoreSpotlightDelegate initForStoreWithDescription:model:];-[NSCoreDataCoreSpotlightDelegate init];-[NSCoreDataCoreSpotlightDelegate searchableIndex:reindexAllSearchableItemsWithAcknowledgementHandler:];-[NSCoreDataCoreSpotlightDelegate searchableIndex:reindexSearchableItemsWithIdentifiers:acknowledgementHandler:]
method	objc	member	13.0	missing	18	0	+[NSBatchInsertRequest batchInsertRequestWithEntityName:objects:];+[NSPersistentHistoryChange entityDescriptionWithContext:];+[NSPersistentHistoryChangeRequest fetchHistoryWithFetchRequest:];+[NSPersistentHistoryTransaction entityDescriptionWithContext:];-[NSBatchInsertRequest initWithEntity:objects:];-[NSBatchInsertRequest initWithEntityName:objects:];-[NSBatchInsertRequest init];-[NSCoreDataCoreSpotlightDelegate initForStoreWithDescription:coordinator:];-[NSCoreDataCoreSpotlightDelegate startSpotlightIndexing];-[NSCoreDataCoreSpotlightDelegate stopSpotlightIndexing];-[NSFetchedResultsControllerDelegate controller:didChangeContentWithDifference:];-[NSFetchedResultsControllerDelegate controller:didChangeContentWithSnapshot:];-[NSPersistentCloudKitContainer initializeCloudKitSchemaWithOptions:error:];-[NSPersistentCloudKitContainer recordForManagedObjectID:];-[NSPersistentCloudKitContainer recordIDForManagedObjectID:];-[NSPersistentCloudKitContainer recordIDsForManagedObjectIDs:];-[NSPersistentCloudKitContainer recordsForManagedObjectIDs:];-[NSPersistentCloudKitContainerOptions init]
method	objc	member	14.0	missing	20	2	+[NSBatchInsertRequest batchInsertRequestWithEntityName:dictionaryHandler:];+[NSBatchInsertRequest batchInsertRequestWithEntityName:managedObjectHandler:];+[NSPersistentCloudKitContainerEvent new];+[NSPersistentCloudKitContainerEventRequest fetchEventsAfterDate:];+[NSPersistentCloudKitContainerEventRequest fetchEventsAfterEvent:];+[NSPersistentCloudKitContainerEventRequest fetchEventsMatchingFetchRequest:];+[NSPersistentCloudKitContainerEventRequest fetchRequestForEvents];+[NSPersistentCloudKitContainerEventResult new];-[NSBatchInsertRequest initWithEntity:dictionaryHandler:];-[NSBatchInsertRequest initWithEntity:managedObjectHandler:];-[NSBatchInsertRequest initWithEntityName:dictionaryHandler:];-[NSBatchInsertRequest initWithEntityName:managedObjectHandler:];-[NSCoreDataCoreSpotlightDelegate deleteSpotlightIndexWithCompletionHandler:];-[NSPersistentCloudKitContainer canDeleteRecordForManagedObjectWithID:];-[NSPersistentCloudKitContainer canModifyManagedObjectsInStore:];-[NSPersistentCloudKitContainer canUpdateRecordForManagedObjectWithID:];-[NSPersistentCloudKitContainerEvent init];-[NSPersistentCloudKitContainerEventResult init];-[NSPersistentStoreCoordinator finishDeferredLightweightMigration:];-[NSPersistentStoreCoordinator finishDeferredLightweightMigrationTask:]
method	objc	member	15.0	missing	7	0	-[NSPersistentCloudKitContainer acceptShareInvitationsFromMetadata:intoPersistentStore:completion:];-[NSPersistentCloudKitContainer fetchParticipantsMatchingLookupInfos:intoPersistentStore:completion:];-[NSPersistentCloudKitContainer fetchSharesInPersistentStore:error:];-[NSPersistentCloudKitContainer fetchSharesMatchingObjectIDs:error:];-[NSPersistentCloudKitContainer persistUpdatedShare:inPersistentStore:completion:];-[NSPersistentCloudKitContainer purgeObjectsAndRecordsInZoneWithID:inPersistentStore:completion:];-[NSPersistentCloudKitContainer shareManagedObjects:toShare:completion:]
method	objc	member	17.0	missing	12	1	+[NSManagedObjectModel checksumsForVersionedModelAtURL:error:];-[NSCustomMigrationStage initWithCurrentModelReference:nextModelReference:];-[NSCustomMigrationStage init];-[NSLightweightMigrationStage initWithVersionChecksums:];-[NSLightweightMigrationStage init];-[NSManagedObjectModelReference initWithEntityVersionHashes:inBundle:versionChecksum:];-[NSManagedObjectModelReference initWithFileURL:versionChecksum:];-[NSManagedObjectModelReference initWithModel:versionChecksum:];-[NSManagedObjectModelReference initWithName:inBundle:versionChecksum:];-[NSManagedObjectModelReference init];-[NSStagedMigrationManager initWithMigrationStages:];-[NSStagedMigrationManager init]
method	objc	member	7.0	missing	2	2	+[NSPersistentStoreCoordinator metadataForPersistentStoreOfType:URL:options:error:];+[NSPersistentStoreCoordinator setMetadata:forPersistentStoreOfType:URL:options:error:]
method	objc	member	8.0	missing	2	2	-[NSPersistentStoreCoordinator performBlock:];-[NSPersistentStoreCoordinator performBlockAndWait:]
method	objc	member	8.3	missing	2	2	-[NSManagedObject objectIDsForRelationshipNamed:];-[NSManagedObjectContext refreshAllObjects]
method	objc	member	9.0	missing	5	4	-[NSBatchDeleteRequest init];-[NSManagedObjectContext shouldHandleInaccessibleFault:forObjectID:triggeredByProperty:];-[NSMergePolicy resolveOptimisticLockingVersionConflicts:error:];-[NSPersistentStoreCoordinator destroyPersistentStoreAtURL:withType:options:error:];-[NSPersistentStoreCoordinator replacePersistentStoreAtURL:destinationOptions:withPersistentStoreFromURL:sourceOptions:storeType:error:]
method	objc	member	9.0	decided	1	1	-[NSMergePolicy resolveConstraintConflicts:error:]
method	swift	member	10.0	undecided	1	0	NSManagedObject.fetchRequest()
method	swift	member	15.0	undecided	19	0	NSAttributeDescription.AttributeType.init(rawValue:);NSManagedObjectContext.ConcurrencyType.init(rawValue:);NSManagedObjectContext.ScheduledTaskType.==(a:b:);NSManagedObjectContext.ScheduledTaskType.hash(into:);NSManagedObjectContext.init(_:);NSManagedObjectContext.perform(schedule:_:);NSManagedObjectContext.performAndWait(_:);NSMigrationManager.migrateStore(from:type:options:mapping:to:type:options:);NSPersistentContainer.performBackgroundTask(_:);NSPersistentStore.StoreType.init(rawValue:);NSPersistentStoreCoordinator.addPersistentStore(type:configuration:at:options:);NSPersistentStoreCoordinator.destroyPersistentStore(at:type:options:);NSPersistentStoreCoordinator.metadataForPersistentStore(type:at:options:);NSPersistentStoreCoordinator.migratePersistentStore(_:to:options:type:);NSPersistentStoreCoordinator.perform(_:);NSPersistentStoreCoordinator.performAndWait(_:);NSPersistentStoreCoordinator.registerStoreClass(_:type:);NSPersistentStoreCoordinator.replacePersistentStore(at:destinationOptions:withPersistentStoreFrom:sourceOptions:type:);NSPersistentStoreCoordinator.setMetadata(_:type:at:options:)
method	swift	member	17.0	undecided	3	0	NSCustomMigrationStage.init(migratingFrom:to:);NSLightweightMigrationStage.init(_:);NSStagedMigrationManager.init(_:)
method	swift	member	18.0	undecided	2	0	NSManagedObject.subscript(key:);NSPersistentStoreCoordinator.managedObjectID(for:)
property	objc	class	11.0	decided	1	0	NSPersistentStore.coreSpotlightExporter
property	objc	class	13.0	missing	13	0	NSAttributeDescription.preservesValueInHistoryOnDeletion;NSBatchInsertRequest.entity;NSBatchInsertRequest.entityName;NSBatchInsertRequest.objectsToInsert;NSBatchInsertRequest.resultType;NSBatchInsertResult.result;NSBatchInsertResult.resultType;NSDerivedAttributeDescription.derivationExpression;NSPersistentHistoryChange.entityDescription;NSPersistentHistoryChange.fetchRequest;NSPersistentHistoryChangeRequest.fetchRequest;NSPersistentHistoryTransaction.entityDescription;NSPersistentHistoryTransaction.fetchRequest
property	objc	class	14.0	missing	12	0	NSBatchInsertRequest.dictionaryHandler;NSBatchInsertRequest.managedObjectHandler;NSPersistentCloudKitContainerEvent.endDate;NSPersistentCloudKitContainerEvent.error;NSPersistentCloudKitContainerEvent.identifier;NSPersistentCloudKitContainerEvent.startDate;NSPersistentCloudKitContainerEvent.storeIdentifier;NSPersistentCloudKitContainerEvent.succeeded;NSPersistentCloudKitContainerEvent.type;NSPersistentCloudKitContainerEventRequest.resultType;NSPersistentCloudKitContainerEventResult.result;NSPersistentCloudKitContainerEventResult.resultType
property	objc	class	14.0	decided	1	0	NSPersistentCloudKitContainerOptions.databaseScope
property	objc	class	15.0	missing	2	0	NSAttributeDescription.allowsCloudEncryption;NSCoreDataCoreSpotlightDelegate.indexingEnabled
property	objc	class	17.0	missing	12	0	NSCompositeAttributeDescription.elements;NSCustomMigrationStage.currentModel;NSCustomMigrationStage.didMigrateHandler;NSCustomMigrationStage.nextModel;NSCustomMigrationStage.willMigrateHandler;NSLightweightMigrationStage.versionChecksums;NSManagedObjectModel.versionChecksum;NSManagedObjectModelReference.resolvedModel;NSManagedObjectModelReference.versionChecksum;NSMigrationStage.label;NSStagedMigrationManager.container;NSStagedMigrationManager.stages
property	objc	class	8.0	missing	2	0	NSManagedObjectContext.name;NSPersistentStoreCoordinator.name
property	objc	class	9.0	missing	1	0	NSManagedObjectContext.shouldDeleteInaccessibleFaults
property	objc	class	9.0	decided	1	0	NSEntityDescription.uniquenessConstraints
property	swift	class	10.3	undecided	2	0	NSManagedObjectContext.didMergeChangesObjectIDsNotification;NSManagedObjectContext.didSaveObjectIDsNotification
property	swift	class	13.0	undecided	1	0	NSManagedObject.objectWillChange
property	swift	class	15.0	undecided	28	0	NSAttributeDescription.AttributeType.binaryData;NSAttributeDescription.AttributeType.boolean;NSAttributeDescription.AttributeType.date;NSAttributeDescription.AttributeType.decimal;NSAttributeDescription.AttributeType.double;NSAttributeDescription.AttributeType.float;NSAttributeDescription.AttributeType.integer16;NSAttributeDescription.AttributeType.integer32;NSAttributeDescription.AttributeType.integer64;NSAttributeDescription.AttributeType.objectID;NSAttributeDescription.AttributeType.rawValue;NSAttributeDescription.AttributeType.string;NSAttributeDescription.AttributeType.transformable;NSAttributeDescription.AttributeType.undefined;NSAttributeDescription.AttributeType.uri;NSAttributeDescription.AttributeType.uuid;NSAttributeDescription.type;NSCoreDataCoreSpotlightDelegate.indexDidUpdateNotification;NSExpressionDescription.resultType;NSManagedObjectContext.ConcurrencyType.mainQueue;NSManagedObjectContext.ConcurrencyType.privateQueue;NSManagedObjectContext.ConcurrencyType.rawValue;NSManagedObjectContext.ScheduledTaskType.hashValue;NSPersistentContainer.defaultDirectoryURL;NSPersistentStore.StoreType.binary;NSPersistentStore.StoreType.inMemory;NSPersistentStore.StoreType.rawValue;NSPersistentStore.StoreType.sqlite
property	swift	class	17.0	undecided	3	0	NSAttributeDescription.AttributeType.composite;NSCustomMigrationStage.didMigrateHandler;NSCustomMigrationStage.willMigrateHandler
struct	swift	class	15.0	undecided	3	0	NSAttributeDescription.AttributeType;NSManagedObjectContext.ConcurrencyType;NSPersistentStore.StoreType
typealias	swift	class	13.0	undecided	1	0	NSManagedObject.ObjectWillChangePublisher
typealias	swift	class	15.0	undecided	3	0	NSAttributeDescription.AttributeType.RawValue;NSManagedObjectContext.ConcurrencyType.RawValue;NSPersistentStore.StoreType.RawValue
