# libSystem symbols of iphoneos26.2 that iphoneos16.4 lacks, and the first of the held releases that exports each (- for none).
# Written by tools/sdk-markers.lua; the releases held: 3.0 3.1.3 3.2 4.0 4.3 4.3.5 5.0 5.1.1 6.0 6.0.2 6.1 6.1.3 6.1.4 6.1.6 7.0 7.0.1 7.0.6 7.1 7.1.1 7.1.2 8.0 8.0.2 8.1 8.1.1 8.1.2 8.1.3 8.2 8.3 8.4.1 9.0 9.0.2 9.1 9.2 9.2.1 9.3 9.3.5 9.3.6 10.0.1 10.1.1 10.2 10.2.1 10.3 10.3.4 11.0 12.0 16.0 18.0.
_CCCKG2ContributorCommit	18.0
_CCCKG2ContributorCreate	18.0
_CCCKG2ContributorDestroy	18.0
_CCCKG2ContributorFinish	18.0
_CCCKG2GetCommitmentSize	18.0
_CCCKG2GetOpeningSize	18.0
_CCCKG2GetShareSize	18.0
_CCCKG2OwnerCreate	18.0
_CCCKG2OwnerDestroy	18.0
_CCCKG2OwnerFinish	18.0
_CCCKG2OwnerGenerateShare	18.0
_CCCKG2ParamsP224Sha256Version2	18.0
_CCMLDSA_FAULT_CANARY	-
_CMCONTAINERSEAM_DEFAULT	-
_CMDISPATCHSEAM_DEFAULT	-
_CMFSSEAM_DEFAULT	18.0
_CMNOTIFYSEAM_DEFAULT	-
_CMPWDSEAM_DEFAULT	-
_CMQUARANTINESEAM_DEFAULT	-
_CMSANDBOXSEAM_DEFAULT	-
_CONTAINER_CLASS_NAMES	-
_CONTAINER_NOTIFY_GENERATION_INITIAL	-
_CONTAINER_NOTIFY_GENERATION_INVALID	-
_DNSServiceAttributeSetHostKeyHash	18.0
_DNSServiceAttributeSetResolverOverride	18.0
_DarwinDirectoryGetGeneration	18.0
_DarwinDirectoryRecordStoreApply	18.0
_DarwinDirectoryRecordStoreApplyWithFilter	18.0
_MAX_FACTOR_STRING_LENGTH	-
_NEHelperCacheClearUUIDsForBundleID	18.0
_NEHelperCachePopulateUUIDsForConfiguration	18.0
_NEHelperCacheSetMatchDomains	18.0
_NEHelperCopyDataForCertificate	18.0
_NEHelperCopyXPCEndpointForIdentityProxy	18.0
_NEHelperCopyXPCEndpointForIdentityProxyExtended	-
_NEHelperGetAppTrackerDomains	18.0
_NEHelperGetPid	-
_NEHelperGetRawSocket	-
_NEHelperInterfaceCreate	18.0
_NEHelperInterfaceDestroy	18.0
_NEHelperInterfaceSetAddressInternal	16.0
_NEHelperInterfaceSetDelegate	18.0
_NEHelperInterfaceSetDescription	18.0
_NE_TRACKER_MAX_BACKTRACE_SIZE	18.0
_NE_TRACKER_MAX_PROCNAME_SIZE	18.0
_RTBinIndexForType	-
_RTLogBufferAddResource	-
_RTLogBufferAllocateResource	-
_RTLogBufferCheckStatus	-
_RTLogBufferGetHeader	-
_RTLogBufferGetResource	-
_RTLogBufferGetResourceSize	-
_RTLogBufferInitialize	-
_RTLogBufferIterate	-
_RTLogBufferRequiredStorageSize	-
_RTLogConnect	-
_RTLogConnectMemoryConfigFromString	-
_RTLogConnectRingBuffer	-
_RTLogDisconnect	-
_RTLogRingBufferCreateManaged	-
_RTLogRingBufferDataSize	-
_RTLogRingBufferGetSegmentCount	-
_RTLogRingBufferGetSegmentSize	-
_RTLogRingBufferInit	-
_RTLogRingBufferIsDataAvailable	-
_RTLogRingBufferIterate	-
_RTLogRingBufferIterateFrom	-
_RTLogRingBufferJoinManaged	-
_RTLogRingBufferReadAt	-
_RTLogRingBufferWriteBuffer	-
_RTLogRingBufferWriteMessage	-
_RTLogRingBufferWriteWithCallback	-
_SANDBOX_CHECK_POSIX_WRITEABLE	18.0
_SANDBOX_EXTENSION_NOFOLLOW_ANY	18.0
_SANDBOX_PROFILE_TYPE_AUTOBOX	-
_SANDBOX_PROFILE_TYPE_BASTION	-
_SANDBOX_PROFILE_TYPE_GLOBAL_OVERRIDE	-
_SANDBOX_PROFILE_TYPE_PLATFORM	-
_SANDBOX_PROFILE_TYPE_PROCESS	-
_SANDBOX_STORAGE_CLASS_GROUP_ANY	-
_SANDBOX_STORAGE_CLASS_PROPERTY_ACCEPTS_USER_APPROVAL	-
_SANDBOX_STORAGE_CLASS_PROPERTY_READ_RESTRICTED	-
_SANDBOX_STORAGE_CLASS_PROPERTY_REPLACEMENT_RESTRICTED	-
_SANDBOX_STORAGE_CLASS_PROPERTY_WRITE_RESTRICTED	-
_XPC_COALITION_INFO_KEY_LEADER_PID	-
__ZN9libunwind25findDynamicUnwindSectionsEPvP27unw_dynamic_unwind_sections	18.0
___asan_abi_addr_is_in_fake_stack	18.0
___asan_abi_address_is_poisoned	18.0
___asan_abi_after_dynamic_init	18.0
___asan_abi_alloca_poison	18.0
___asan_abi_allocas_unpoison	18.0
___asan_abi_before_dynamic_init	18.0
___asan_abi_exp_load_n	18.0
___asan_abi_exp_store_n	18.0
___asan_abi_get_current_fake_stack	18.0
___asan_abi_handle_no_return	18.0
___asan_abi_init	18.0
___asan_abi_load_cxx_array_cookie	18.0
___asan_abi_load_n	18.0
___asan_abi_memcpy	18.0
___asan_abi_memmove	18.0
___asan_abi_memset	18.0
___asan_abi_poison_cxx_array_cookie	18.0
___asan_abi_poison_intra_object_redzone	18.0
___asan_abi_poison_memory_region	18.0
___asan_abi_poison_stack_memory	18.0
___asan_abi_region_is_poisoned	18.0
___asan_abi_register_elf_globals	18.0
___asan_abi_register_globals	18.0
___asan_abi_register_image_globals	18.0
___asan_abi_report_exp_load_n	18.0
___asan_abi_report_exp_store_n	18.0
___asan_abi_report_load_n	18.0
___asan_abi_report_store_n	18.0
___asan_abi_set_shadow_xx_n	18.0
___asan_abi_stack_free_n	18.0
___asan_abi_stack_malloc_always_n	18.0
___asan_abi_stack_malloc_n	18.0
___asan_abi_store_n	18.0
___asan_abi_unpoison_intra_object_redzone	18.0
___asan_abi_unpoison_memory_region	18.0
___asan_abi_unpoison_stack_memory	18.0
___asan_abi_unregister_elf_globals	18.0
___asan_abi_unregister_globals	18.0
___asan_abi_unregister_image_globals	18.0
___asan_get_alloc_stack	18.0
___asan_get_free_stack	18.0
___asan_get_report_access_size	18.0
___asan_get_report_access_type	18.0
___asan_get_report_address	18.0
___asan_get_report_bp	18.0
___asan_get_report_description	18.0
___asan_get_report_pc	18.0
___asan_get_report_sp	18.0
___asan_get_shadow_mapping	18.0
___asan_locate_address	18.0
___asan_report_present	18.0
___ceilf16	18.0
___copysignf16	18.0
___fabsf16	18.0
___floorf16	18.0
___fmaf16	18.0
___fmaxf16	18.0
___fminf16	18.0
___hypotf16	18.0
___invert_h2	18.0
___invert_h3	18.0
___invert_h4	18.0
___nextafterf16	18.0
___oslog_coproc	-
___oslog_coproc_reg	-
___removefile_tree_walker_slim	-
___rintf16	18.0
___roundf16	18.0
___sme_memchr	18.0
___sme_memcpy	18.0
___sme_memmove	18.0
___sme_memset	18.0
___sqrtf16	18.0
___truncf16	18.0
___unw_add_find_dynamic_unwind_sections	18.0
___unw_is_pointer_auth_enabled	18.0
___unw_remove_find_dynamic_unwind_sections	18.0
___user_relative_dirname	16.0
___user_relative_dirname_with_hints	18.0
___xlocale_C_collate	18.0
___xpc_connection_set_logging	18.0
__collate_lookup	-
__container_notify_copy_notify_name	-
__container_query_get_next_result_sync	-
__container_query_get_result_at_index	-
__container_query_operation_set_private_flags	-
__container_query_reset_iterator	-
__container_traverse_continuation_create	18.0
__container_traverse_continuation_free	18.0
__container_traverse_continuation_pop	18.0
__container_traverse_continuation_push	18.0
__container_traverse_get_last_path_component	18.0
__container_traverse_path_pop	18.0
__container_traverse_path_push	18.0
__container_traverse_state_deinit	18.0
__container_traverse_state_init	18.0
__dirhelper_relative	16.0
__dirhelper_relative_with_hints	18.0
__dirhelper_remove_test	-
__dirhelper_test	-
__dispatch_source_type_exclaves_notification	18.0
__dyld_call_with_writable_tpro_memory	-
__dyld_dlsym_blocked	18.0
__dyld_find_pointer_hash_table_entry	18.0
__dyld_for_each_prewarming_range	-
__dyld_for_objc_header_opt_ro	18.0
__dyld_for_objc_header_opt_rw	18.0
__dyld_get_swift_prespecialized_data	18.0
__dyld_is_preoptimized_objc_image_loaded	18.0
__dyld_is_pseudodylib	18.0
__dyld_lookup_section_info	18.0
__dyld_pseudodylib_deregister	18.0
__dyld_pseudodylib_deregister_callbacks	18.0
__dyld_pseudodylib_register	18.0
__dyld_pseudodylib_register_callbacks	18.0
__dyld_register_dlsym_notifier	18.0
__dyld_stack_bottom	-
__dyld_stack_range	-
__dyld_stack_top	-
__exclaves_ctl_trap	18.0
__kernelrpc_mach_ports_lookup3	18.0
__kernelrpc_mach_ports_register3	18.0
__kernelrpc_mach_vm_update_pointers_with_remote_tags	-
__launch_job_query_routine	18.0
__launch_trial_factors_routine	-
__os_log_preferences_merge	18.0
__os_log_unreliable_impl	18.0
__os_metric_double_create_impl	-
__os_metric_double_op_impl	-
__os_metric_int64_create_impl	-
__os_metric_int64_op_impl	-
__os_metric_label_create_impl	-
__os_metric_label_create_v	-
__os_metric_reset_impl	-
__os_metric_set_scale_impl	-
__os_metric_set_unit_impl	-
__os_metric_uint64_create_impl	-
__os_metric_uint64_op_impl	-
__os_object_alloc_bridged	18.0
__os_trace_calloc_typed	-
__os_trace_lazy_init_completed_4swift	18.0
__os_trace_malloc_typed	-
__os_trace_realloc_typed	-
__os_trace_zalloc_typed	-
__os_trial_factor_get_bool_impl	-
__os_trial_factor_get_long_impl	-
__os_trial_factor_has_impl	-
__pthread_workqueue_allow_send_signals	18.0
__sandbox_enter_notify_libxpc	18.0
__sanitizers_init	18.0
__simd_incircle_ph2	18.0
__simd_insphere_ph3	18.0
__simd_orient_ph2	18.0
__simd_orient_ph3	18.0
__simd_orient_vh2	18.0
__simd_orient_vh3	18.0
__simple_snprintf	-
__simple_vsnprintf	-
__system_version_plist_path	18.0
__xpc_connection_create_internal_listener	18.0
__xpc_dictionary_get_transaction	18.0
__xpc_peer_requirement_match_token	-
__xpc_runtime_process_has_entered_sandbox	18.0
__xpc_session_create_from_connection_4SWIFT	18.0
__xpc_session_extract_connection_4SWIFT	18.0
__xpc_session_get_peer_audit_token_4SWIFT	18.0
__xpc_type_string_cache	-
_amfi_check_dyld_policy_for_pid	18.0
_amfi_check_dyld_policy_self	18.0
_amfi_developer_mode_resolved	16.0
_amfi_developer_mode_status	16.0
_amfi_interface_authorize_local_signing	16.0
_amfi_interface_cdhash_in_trustcache	16.0
_amfi_interface_get_local_signing_private_key	16.0
_amfi_interface_get_local_signing_public_key	16.0
_amfi_interface_query_bootarg_state	16.0
_amfi_interface_set_local_signing_public_key	16.0
_amfi_launch_constraint_matches_process	18.0
_amfi_launch_constraint_set_spawnattr	16.0
_amfi_load_trust_cache	18.0
_amfi_restricted_execution_mode_enable	18.0
_amfi_restricted_execution_mode_status	18.0
_amfi_unload_trust_cache	-
_at_quick_exit	18.0
_ccascon_ascon128a	18.0
_ccascon_ascon128a_cmac	18.0
_ccascon_ascon128a_cmac_ref	18.0
_ccascon_ascon128a_decrypt	18.0
_ccascon_ascon128a_encrypt	18.0
_ccascon_ascon128a_ref	18.0
_ccascon_cmac_init	18.0
_ccascon_cmac_process	18.0
_ccascon_cmac_tag	18.0
_ccascon_cmac_verify	18.0
_cccbc_one_shot_explicit	18.0
_ccccm_nonce_size	-
_ccckg2_contributor_commit	18.0
_ccckg2_contributor_finish	18.0
_ccckg2_ctx_cp	18.0
_ccckg2_ctx_di	18.0
_ccckg2_init	18.0
_ccckg2_owner_finish	18.0
_ccckg2_owner_generate_share	18.0
_ccckg2_params_p224_sha256_v2	18.0
_ccckg2_sizeof_commitment	18.0
_ccckg2_sizeof_ctx	18.0
_ccckg2_sizeof_opening	18.0
_ccckg2_sizeof_share	18.0
_ccckg_ctx_cp	18.0
_ccckg_ctx_di	18.0
_cccurve25519_make_key_pair	18.0
_cccurve25519_make_priv	18.0
_cccurve25519_make_pub	18.0
_cccurve25519_make_pub_with_rng	18.0
_cccurve25519_with_rng	18.0
_cccurve448	18.0
_cccurve448_make_key_pair	18.0
_cccurve448_make_priv	18.0
_cccurve448_make_pub	18.0
_ccdh_ccn_size	18.0
_ccdh_ctx_init	18.0
_ccdh_ctx_public	18.0
_ccdh_export_pub_size	18.0
_ccdh_gp_g	18.0
_ccdh_gp_l	18.0
_ccdh_gp_n	18.0
_ccdh_gp_order	18.0
_ccdh_gp_order_bitlen	18.0
_ccdh_gp_prime	18.0
_ccdigest_parallel	-
_ccdrbg_context_size	18.0
_ccdrbg_done	18.0
_ccdrbg_generate	18.0
_ccdrbg_init	18.0
_ccdrbg_reseed	18.0
_ccec_full_sub	18.0
_ccecb_one_shot_explicit	18.0
_cced25519_make_pub_with_rng	18.0
_cced25519_sign_with_rng	18.0
_cced448_make_key_pair	18.0
_cced448_make_pub	18.0
_cced448_sign	18.0
_cced448_verify	18.0
_ccentropy_list_init	18.0
_ccentropy_lock_init	18.0
_ccentropy_reset	18.0
_cch2c_p384_sha384_sae_compat_info	18.0
_cche_bytes_to_coeffs	18.0
_cche_ciphertext_apply_galois	18.0
_cche_ciphertext_coeff_compose	18.0
_cche_ciphertext_coeff_dcrt_plaintext_mul	18.0
_cche_ciphertext_coeff_decompose	18.0
_cche_ciphertext_coeff_decompose_nptexts	18.0
_cche_ciphertext_coeff_plaintext_mul	18.0
_cche_ciphertext_correction_factor	18.0
_cche_ciphertext_eval_dcrt_plaintext_mul	18.0
_cche_ciphertext_eval_plaintext_mul	18.0
_cche_ciphertext_fresh_correction_factor	18.0
_cche_ciphertext_fresh_npolys	18.0
_cche_ciphertext_fwd_ntt	18.0
_cche_ciphertext_galois_elt_rotate_rows_left	18.0
_cche_ciphertext_galois_elt_rotate_rows_right	18.0
_cche_ciphertext_galois_elt_swap_columns	18.0
_cche_ciphertext_inv_ntt	18.0
_cche_ciphertext_plaintext_add	18.0
_cche_ciphertext_sizeof	18.0
_cche_coeffs_to_bytes	18.0
_cche_crt_compose	18.0
_cche_dcrt_plaintext_encode	18.0
_cche_dcrt_plaintext_sizeof	18.0
_cche_decode_poly_uint64	18.0
_cche_decode_simd_int64	18.0
_cche_decode_simd_uint64	18.0
_cche_decrypt	18.0
_cche_deserialize_ciphertext_coeff	18.0
_cche_deserialize_ciphertext_eval	18.0
_cche_deserialize_seeded_ciphertext_coeff	18.0
_cche_deserialize_seeded_ciphertext_eval	18.0
_cche_encode_poly_uint64	18.0
_cche_encode_simd_int64	18.0
_cche_encode_simd_reduced_int64	18.0
_cche_encode_simd_uint64	18.0
_cche_encrypt_symmetric	18.0
_cche_encryption_params_coefficient_moduli	18.0
_cche_encryption_params_coefficient_nmoduli	18.0
_cche_encryption_params_plaintext_modulus	18.0
_cche_encryption_params_polynomial_degree	18.0
_cche_galois_key_generate	18.0
_cche_galois_key_load	18.0
_cche_galois_key_save	18.0
_cche_galois_key_sizeof	18.0
_cche_param_ctx_ciphertext_ctx_nmoduli	18.0
_cche_param_ctx_coefficient_moduli	18.0
_cche_param_ctx_he_scheme	18.0
_cche_param_ctx_init	18.0
_cche_param_ctx_key_ctx_nmoduli	18.0
_cche_param_ctx_key_ctx_poly_nbytes	18.0
_cche_param_ctx_plaintext_modulus	18.0
_cche_param_ctx_plaintext_modulus_inverse	18.0
_cche_param_ctx_polynomial_degree	18.0
_cche_param_ctx_sizeof	18.0
_cche_param_ctx_supports_simd_encoding	18.0
_cche_plaintext_sizeof	18.0
_cche_relin_key_generate	18.0
_cche_relin_key_load	18.0
_cche_relin_key_save	18.0
_cche_relin_key_sizeof	18.0
_cche_rng_seed_sizeof	18.0
_cche_secret_key_generate	18.0
_cche_secret_key_generate_from_seed	18.0
_cche_secret_key_sizeof	18.0
_cche_serialize_ciphertext_coeff	18.0
_cche_serialize_ciphertext_coeff_max_nskip_lsbs	18.0
_cche_serialize_ciphertext_coeff_nbytes	18.0
_cche_serialize_ciphertext_eval	18.0
_cche_serialize_ciphertext_eval_nbytes	18.0
_cche_serialize_seeded_ciphertext_coeff	18.0
_cche_serialize_seeded_ciphertext_coeff_nbytes	18.0
_cche_serialize_seeded_ciphertext_eval	18.0
_cche_serialize_seeded_ciphertext_eval_nbytes	18.0
_cchpke_params_x25519_AESGCM256_HKDF_SHA256	-
_cchpke_params_xwing_AESGCM128_HKDF_SHA256	-
_cckem_decapsulate	18.0
_cckem_derive_key_from_seed	18.0
_cckem_encapsulate	18.0
_cckem_encapsulated_key_nbytes_ctx	18.0
_cckem_encapsulated_key_nbytes_info	18.0
_cckem_export_privkey	18.0
_cckem_export_pubkey	18.0
_cckem_full_ctx_init	18.0
_cckem_generate_key	18.0
_cckem_generate_key_with_seed	-
_cckem_import_privkey	18.0
_cckem_import_pubkey	18.0
_cckem_kyber1024	18.0
_cckem_kyber768	18.0
_cckem_mlkem1024	-
_cckem_mlkem768	-
_cckem_privkey_nbytes_ctx	18.0
_cckem_privkey_nbytes_info	18.0
_cckem_pub_ctx_init	18.0
_cckem_pubkey_nbytes_ctx	18.0
_cckem_pubkey_nbytes_info	18.0
_cckem_public_ctx	18.0
_cckem_seed_nbytes_ctx	-
_cckem_seed_nbytes_info	-
_cckem_shared_key_nbytes_ctx	18.0
_cckem_shared_key_nbytes_info	18.0
_cckem_sizeof_full_ctx	18.0
_cckem_sizeof_pub_ctx	18.0
_cckem_xwing_mlkem768x25519	-
_cclr_aes_init	18.0
_cclr_block_nbytes	18.0
_cclr_decrypt_block	18.0
_cclr_encrypt_block	18.0
_ccmldsa65	-
_ccmldsa87	-
_ccmldsa_derive_key_from_seed	-
_ccmldsa_export_privkey	-
_ccmldsa_export_pubkey	-
_ccmldsa_full_ctx_init	-
_ccmldsa_generate_key	-
_ccmldsa_generate_key_with_seed	-
_ccmldsa_hash_nbytes_ctx	-
_ccmldsa_hash_nbytes_params	-
_ccmldsa_import_privkey	-
_ccmldsa_import_pubkey	-
_ccmldsa_prehash	-
_ccmldsa_prehash_with_context	-
_ccmldsa_privkey_nbytes_ctx	-
_ccmldsa_privkey_nbytes_params	-
_ccmldsa_pub_ctx_init	-
_ccmldsa_pubkey_nbytes_ctx	-
_ccmldsa_pubkey_nbytes_params	-
_ccmldsa_public_ctx	-
_ccmldsa_seed_nbytes_ctx	-
_ccmldsa_seed_nbytes_params	-
_ccmldsa_sign	-
_ccmldsa_sign_prehashed	-
_ccmldsa_sign_with_context	-
_ccmldsa_signature_nbytes_ctx	-
_ccmldsa_signature_nbytes_params	-
_ccmldsa_sizeof_full_ctx	-
_ccmldsa_sizeof_pub_ctx	-
_ccmldsa_verify	-
_ccmldsa_verify_prehashed	-
_ccmldsa_verify_prehashed_with_canary	-
_ccmldsa_verify_with_canary	-
_ccmldsa_verify_with_context	-
_ccmldsa_verify_with_context_and_canary	-
_ccn_set_bit	18.0
_ccn_seti	18.0
_ccn_swap	18.0
_ccn_write_uint_padded	18.0
_ccn_xor	18.0
_ccn_zero	18.0
_ccoid_payload	18.0
_ccoid_size	18.0
_ccpost	18.0
_ccrsa_block_size	18.0
_ccrsa_block_start	18.0
_ccrsa_ctx_private_zp	18.0
_ccrsa_ctx_public	18.0
_ccrsa_eme_pkcs1v15_decode_safe	18.0
_ccrsa_export_priv	18.0
_ccrsa_export_priv_size	18.0
_ccrsa_export_pub_size	18.0
_ccrsa_import_priv	18.0
_ccrsa_import_priv_n	18.0
_ccrsa_import_pub_n	18.0
_ccrsa_n_from_size	18.0
_ccrsa_oaep_decode	18.0
_ccrsa_oaep_encode	18.0
_ccrsa_sizeof_n_from_size	18.0
_ccsae_init_p384_sha384	18.0
_ccsae_sizeof_kck	18.0
_ccsae_sizeof_kck_h2c	18.0
_ccsae_verify_commitment_with_rejected_groups	-
_ccsha384_vng_arm_hw_di	18.0
_ccsha512_256_vng_arm_hw_di	18.0
_ccsha512_vng_arm_hw_di	18.0
_ccsigma_exclave_pairing_info	-
_ccsigma_mfi_nvm_info	18.0
_ccspake_cp_256_rfc	18.0
_ccspake_cp_384_rfc	18.0
_ccspake_cp_521_rfc	18.0
_ccspake_get_session_key	-
_ccspake_prover_initialize	18.0
_ccspake_reduce_w	18.0
_ccspake_reduce_w_RFC9383	-
_ccspake_verifier_initialize	18.0
_ccsrp_client_set_noUsernameInX	18.0
_ccsrp_ctx_init	18.0
_ccsrp_ctx_init_option	18.0
_ccsrp_ctx_init_with_size_option	18.0
_ccsrp_exchange_size	18.0
_ccsrp_get_premaster_secret	18.0
_ccsrp_get_session_key	18.0
_ccsrp_get_session_key_length	18.0
_ccsrp_is_authenticated	18.0
_ccsrp_session_size	18.0
_ccsrp_sizeof_M_HAMK	18.0
_ccsrp_sizeof_public_key	18.0
_ccsrp_sizeof_session_key	18.0
_ccsrp_sizeof_verifier	18.0
_ccz_capacity	18.0
_ccz_n	18.0
_ccz_set_capacity	18.0
_ccz_set_n	18.0
_ccz_set_sign	18.0
_ccz_sign	18.0
_cczp_bitlen	18.0
_cczp_n	18.0
_cczp_prime	18.0
_check_alf_plist_if_enabled	18.0
_coalition_info_debug_info	18.0
_coalition_info_pid_list	-
_coalition_policy_get	18.0
_coalition_policy_set	18.0
_container_audit_token_copy_codesign_team_identifier	18.0
_container_audit_token_copy_executable_name_with_pid	-
_container_authorize	-
_container_authorize_container	-
_container_authorize_container_for_self	-
_container_authorize_get_result_description	-
_container_client_get_codesign_team_identifier	18.0
_container_codesign_copy_cs_team_identifier	18.0
_container_codesign_get_current_identifier	-
_container_entitlements_copy_container_identifiers	18.0
_container_error_create_with_message	-
_container_error_get_message	-
_container_frozenset_get_creator_of_container_at_index	18.0
_container_frozenset_get_stored_string	18.0
_container_frozenset_get_uma_relative_path_of_container_at_index	18.0
_container_get_creator_codesign_identifier	18.0
_container_get_info	18.0
_container_get_info_value_for_key	18.0
_container_get_user_managed_assets_relative_path	18.0
_container_info_delete	-
_container_info_modify	-
_container_info_put	-
_container_log_replication_disable	18.0
_container_log_replication_enable_to_uid_relative_path	18.0
_container_log_replication_prune_for_uid	18.0
_container_notify_create	-
_container_notify_create_with_class	-
_container_notify_create_with_initial_gen_count	-
_container_notify_free	-
_container_notify_get_generation	-
_container_notify_get_last_error	-
_container_notify_has_changed	-
_container_notify_increment_generation	-
_container_notify_post	-
_container_notify_set_class	-
_container_notify_set_event_handler	-
_container_notify_set_flags	-
_container_notify_set_generation	-
_container_notify_set_queue	-
_container_notify_set_uid	-
_container_notify_start	-
_container_notify_stop	-
_container_object_get_creator_codesign_identifier	18.0
_container_object_get_user_managed_assets_relative_path	18.0
_container_object_set_creator_codesign_identifier	18.0
_container_object_set_is_new	18.0
_container_object_set_user_managed_assets_relative_path	18.0
_container_paths_copy_part_subpath	-
_container_paths_copy_uid_home_relative	18.0
_container_paths_create_uid_home_relative	18.0
_container_persona_collect_all_ids	18.0
_container_persona_convert_unique_string_to_persona_uid	18.0
_container_persona_foreach	18.0
_container_pwd_for_name	18.0
_container_pwd_for_uid	18.0
_container_pwd_get_cached_current_user_home_path	-
_container_pwd_get_mobile_user_uid	-
_container_qtn_error	-
_container_qtn_file_alloc	-
_container_qtn_file_apply_to_path	-
_container_qtn_file_free	-
_container_qtn_file_get_flags	-
_container_qtn_file_init	-
_container_qtn_file_init_with_path	-
_container_qtn_file_set_flags	-
_container_qtn_file_set_identifier	-
_container_qtn_file_set_metadata	-
_container_qtn_file_set_timestamp	-
_container_query_iterate_results_with_identifier_sync	18.0
_container_query_operation_set_part	-
_container_query_operation_set_part_domain	-
_container_realpathat	18.0
_container_seam_container_reset	-
_container_seam_container_set_common	-
_container_seam_dispatch_reset	-
_container_seam_dispatch_set_common	-
_container_seam_fs_ensure_lazy_loaded	18.0
_container_seam_fs_reset	18.0
_container_seam_fs_set_common	18.0
_container_seam_notify_reset	-
_container_seam_notify_set_common	-
_container_seam_pwd_reset	-
_container_seam_pwd_set_common	-
_container_seam_quarantine_reset	-
_container_seam_quarantine_set_common	-
_container_seam_sandbox_reset	-
_container_seam_sandbox_set_common	-
_container_test_set_locks_and_restart	18.0
_container_traverse_directory	18.0
_container_traverse_node_copy	18.0
_container_traverse_node_copy_unlocalized_description	18.0
_container_traverse_node_free	18.0
_container_traverse_node_get_depth_from_origin	18.0
_container_traverse_node_get_name	18.0
_container_traverse_node_get_optional_alloc_size	18.0
_container_traverse_node_get_optional_dp_class	18.0
_container_traverse_node_get_optional_file_id	18.0
_container_traverse_node_get_optional_flags	18.0
_container_traverse_node_get_optional_gid	18.0
_container_traverse_node_get_optional_link_count	18.0
_container_traverse_node_get_optional_mode	18.0
_container_traverse_node_get_optional_parent_fd	18.0
_container_traverse_node_get_optional_uid	18.0
_container_traverse_node_get_path	18.0
_container_traverse_node_get_subordinate_count	18.0
_container_traverse_node_is_directory	18.0
_container_traverse_node_is_regular_file	18.0
_container_traverse_node_is_symlink	18.0
_container_traverse_node_optional_has_acl	18.0
_container_xpc_get_incoming_reply_preprocess_block	18.0
_container_xpc_get_outgoing_message_postprocess_block	18.0
_container_xpc_get_outgoing_message_send_block	18.0
_container_xpc_send_message	18.0
_container_xpc_set_incoming_reply_preprocess_block	18.0
_container_xpc_set_outgoing_message_postprocess_block	18.0
_container_xpc_set_outgoing_message_send_block	18.0
_dispatch_allow_send_signals	18.0
_dispatch_queue_get_threadid_4wdt	-
_dispatch_verify_current_queue_4swiftonly	-
_dispatch_workloop_set_uses_bound_thread	18.0
_dyld_get_program_minos_version_token	18.0
_dyld_get_program_sdk_version_token	18.0
_dyld_version_token_at_least	18.0
_dyld_version_token_get_platform	18.0
_exclaves_aoe_message_loop	-
_exclaves_aoe_setup	-
_exclaves_aoe_work_loop	-
_exclaves_audio_buffer_copyout	18.0
_exclaves_audio_buffer_copyout_with_status	-
_exclaves_audio_buffer_create	18.0
_exclaves_boot	18.0
_exclaves_endpoint_call	18.0
_exclaves_inbound_buffer_copyin	18.0
_exclaves_inbound_buffer_create	18.0
_exclaves_indicator_min_on_time	-
_exclaves_launch_conclave	18.0
_exclaves_lookup_service	18.0
_exclaves_named_buffer_copyin	18.0
_exclaves_named_buffer_copyout	18.0
_exclaves_named_buffer_create	18.0
_exclaves_notification_create	18.0
_exclaves_outbound_buffer_copyout	18.0
_exclaves_outbound_buffer_create	18.0
_exclaves_sensor_create	18.0
_exclaves_sensor_start	18.0
_exclaves_sensor_status	18.0
_exclaves_sensor_stop	18.0
_fstatfs_ext	-
_funmount	-
_gCMContainerSeam	-
_gCMDispatchSeam	-
_gCMFSSeam	18.0
_gCMNotifySeam	-
_gCMPWDSeam	-
_gCMQuarantineSeam	-
_gCMSandboxSeam	-
_getenv_copy_np	-
_kSandboxAppContainerAnySigningId	18.0
_kSandboxAppContainerPlatformTeamId	18.0
_launch_active_user_login	18.0
_launch_active_user_logout	18.0
_launch_bootout_user_service_4coresim_with_flags	-
_launch_job_query_get_additional_job_properties	18.0
_launch_trial_factors_active_reload	-
_launch_urgent_log_submission_completed	-
_launch_userspace_reboot_with_purpose	18.0
_libc_set_introspection_hooks	18.0
_libsystem_trialVersionNumber	-
_libsystem_trialVersionString	-
_load_eligibility_answers	-
_mach_memory_entry_get_page_counts	-
_mach_vm_deferred_reclamation_buffer_allocate	-
_mach_vm_deferred_reclamation_buffer_flush	-
_mach_vm_deferred_reclamation_buffer_query	-
_mach_vm_deferred_reclamation_buffer_resize	-
_mach_vm_range_create	18.0
_mach_vm_reclaim_copied_ring_free	-
_mach_vm_reclaim_copied_ring_query	-
_mach_vm_reclaim_get_rings_for_task	-
_mach_vm_reclaim_is_reusable	-
_mach_vm_reclaim_query_state	-
_mach_vm_reclaim_ring_allocate	-
_mach_vm_reclaim_ring_capacity	-
_mach_vm_reclaim_ring_copy	-
_mach_vm_reclaim_ring_flush	-
_mach_vm_reclaim_ring_resize	-
_mach_vm_reclaim_round_capacity	-
_mach_vm_reclaim_try_cancel	-
_mach_vm_reclaim_try_enter	-
_mach_vm_reclaim_update_kernel_accounting_trap	-
_mach_vm_tag_describe	-
_mach_vm_update_pointers_with_remote_tags	-
_macho_for_each_defined_rpath	18.0
_macho_for_each_dependent_dylib	18.0
_macho_for_each_exported_symbol	18.0
_macho_for_each_imported_symbol	18.0
_macho_for_each_runnable_arch_name	-
_macho_source_version	-
_malloc_allows_internal_security_4test	-
_malloc_engaged_secure_allocator	18.0
_malloc_get_wrapped_zone	18.0
_malloc_memorypressure_mask_default_4libdispatch	18.0
_malloc_memorypressure_mask_msl_4libdispatch	18.0
_malloc_sanitizer_get_functions	18.0
_malloc_sanitizer_is_enabled	18.0
_malloc_sanitizer_set_functions	18.0
_malloc_type_aligned_alloc	18.0
_malloc_type_calloc	18.0
_malloc_type_free	18.0
_malloc_type_malloc	18.0
_malloc_type_posix_memalign	18.0
_malloc_type_realloc	18.0
_malloc_type_valloc	18.0
_malloc_type_zone_calloc	18.0
_malloc_type_zone_free	18.0
_malloc_type_zone_malloc	18.0
_malloc_type_zone_malloc_with_options	-
_malloc_type_zone_malloc_with_options_internal	18.0
_malloc_type_zone_memalign	18.0
_malloc_type_zone_realloc	18.0
_malloc_type_zone_valloc	18.0
_malloc_variant_is_debug_4test	18.0
_malloc_zone_malloc_with_options	-
_malloc_zone_malloc_with_options_np	18.0
_matrix_identity_half2x2	18.0
_matrix_identity_half3x3	18.0
_matrix_identity_half4x4	18.0
_ne_copy_signing_identifier_for_pid_with_audit_token	18.0
_ne_copy_uuid_cache_locked	16.0
_ne_session_applications_have_local_network_entitlements	-
_ne_session_fetch_server_parameters	-
_ne_session_get_boot_session_uuid	18.0
_ne_session_get_type	-
_ne_session_initialize_necp_drop_dest	16.0
_ne_session_map_interface_to_provider_uuid	18.0
_ne_session_relay_configs_present	18.0
_ne_session_reset_cache	-
_ne_session_service_copy_cached_match_domains	18.0
_ne_session_set_device_communication_exception	18.0
_ne_session_urlfilter_configs_present	-
_ne_session_vpn_configs_present	-
_ne_tracker_check_is_hostname_blocked	18.0
_ne_tracker_check_tcc	18.0
_ne_tracker_context_can_block_request	18.0
_ne_tracker_copy_current_stacktrace	18.0
_ne_tracker_create_xcode_issue	18.0
_ne_tracker_domain_is_known_tracker	16.0
_ne_tracker_get_disposition	18.0
_ne_tracker_should_save_stacktrace	18.0
_os_apt_msg_async_task_running_4swift	-
_os_apt_msg_async_task_waiting_on_4swift	-
_os_channel_flow_adv_get_ce_count	18.0
_os_channel_flow_adv_get_feedback	-
_os_channel_get_upp_buffer_stats	-
_os_channel_large_packet_alloc	18.0
_os_eligibility_domain_for_name	18.0
_os_eligibility_dump_sysdiagnose_data_to_dir	18.0
_os_eligibility_fetch_newest_policies	-
_os_eligibility_force_domain_answer	18.0
_os_eligibility_force_domain_set_answers	18.0
_os_eligibility_get_all_domain_answers	18.0
_os_eligibility_get_domain_answer	18.0
_os_eligibility_get_domain_notification_name	18.0
_os_eligibility_get_error_description	-
_os_eligibility_get_internal_state	18.0
_os_eligibility_get_state_dump	18.0
_os_eligibility_precise_locations	-
_os_eligibility_reset_all_domains	18.0
_os_eligibility_reset_domain	18.0
_os_eligibility_set_input	18.0
_os_eligibility_set_test_mode	18.0
_os_log_coprocessor_as_kernel	-
_os_log_coprocessor_register_as_kernel	-
_os_log_set_hook_with_params	18.0
_os_log_shim_to_stdout	-
_os_log_shim_with_CFString_4NSLog	-
_os_log_with_args_4syslog	-
_os_metric_dimensions_add	-
_os_metric_dimensions_create	-
_os_metric_group_create	-
_os_nexus_flow_set_connection_idle	-
_os_nexus_flow_set_wake_from_sleep	18.0
_os_packet_add_inet_csum_flags	18.0
_os_packet_set_tx_timestamp	18.0
_os_packet_set_wake_flag	-
_os_security_config_get	-
_os_security_config_get_for_proc	-
_os_security_config_get_for_task	-
_os_set_logging_unreliable_for_current_thread	18.0
_os_sync_wait_on_address	18.0
_os_sync_wait_on_address_with_deadline	18.0
_os_sync_wait_on_address_with_timeout	18.0
_os_sync_wake_by_address_all	18.0
_os_sync_wake_by_address_any	18.0
_os_transaction_get_ra	18.0
_os_transaction_log_active	-
_os_unfair_lock_lock_with_flags	18.0
_os_unfair_lock_trylock_with_options	18.0
_os_workgroup_attr_set_telemetry_flavor	18.0
_os_workgroup_interval_data_set_complexity	-
_os_workgroup_interval_data_set_telemetry	18.0
_panic_with_data	18.0
_pgm_extract_report_from_corpse	18.0
_posix_spawn_file_actions_addchdir	-
_posix_spawn_file_actions_addfchdir	-
_posix_spawnattr_set_conclave_id_np	18.0
_posix_spawnattr_set_conclavememlimit_ext	-
_posix_spawnattr_set_kqworklooplimit_ext	18.0
_posix_spawnattr_set_use_sec_transition_shims_np	18.0
_proc_signal_delegate	18.0
_proc_signal_with_audittoken	18.0
_proc_terminate_delegate	18.0
_proc_terminate_with_audittoken	18.0
_pthread_attr_setworkinterval_np	18.0
_pthread_jit_write_freeze_callbacks_np	18.0
_pthread_jit_write_protect_supported_np	18.0
_pthread_jit_write_with_callback_np	18.0
_quick_exit	18.0
_sandbox_apply_bytecode	18.0
_sandbox_check_finder_automation_for_path	-
_sandbox_check_process_signal_target	18.0
_sandbox_check_protected_app_container	18.0
_sandbox_check_self_signal_target	18.0
_sandbox_check_storage_class	-
_sandbox_check_with_attribution	-
_sandbox_enable_local_state_flag	18.0
_sandbox_extension_issue_related_file_to_process	18.0
_sandbox_extension_release_and_detect_last_reference	18.0
_sandbox_extension_update_file_by_fileid	18.0
_sandbox_register_app_container	18.0
_sandbox_register_app_container_exception	18.0
_sandbox_register_app_container_package_exception	18.0
_sandbox_register_disk_image_backing_store	-
_sandbox_register_erm_initialization_callback	-
_sandbox_unregister_app_container	18.0
_sandbox_unregister_disk_image_backing_store	-
_sanitizer_diagnose_fault_from_crash_reporter	18.0
_sanitizers_address_on_report	18.0
_sanitizers_diagnose_memory_error	18.0
_sanitizers_report_globals	18.0
_sanitizers_testonly_diagnose_error	-
_sanitizers_testonly_get_shadow_address	-
_si_set_path_check	18.0
_statfs_ext	-
_strchrnul	-
_task_register_hardened_exception_handler	18.0
_thread_adopt_exception_handler	18.0
_timingsafe_enable_if_supported	-
_timingsafe_restore_if_supported	-
_unw_resume_with_frames_walked	-
_voucher_activity_create_with_data_2	18.0
_voucher_activity_get_logging_preferences_with_port	-
_voucher_copy_with_persona_mach_voucher_and_error	-
_work_interval_instance_get_telemetry_data	18.0
_xpc_add_bundle_with_lwcr	-
_xpc_bs_main	18.0
_xpc_bundle_create_from_origin_with_string_cache	-
_xpc_bundle_create_with_string_cache	-
_xpc_connection_bs_seal_listener	-
_xpc_connection_create_bs_service_listener	18.0
_xpc_connection_set_distorter	18.0
_xpc_connection_set_peer_entitlement_exists_requirement	18.0
_xpc_connection_set_peer_entitlement_matches_value_requirement	18.0
_xpc_connection_set_peer_lightweight_code_requirement	18.0
_xpc_connection_set_peer_platform_identity_requirement	18.0
_xpc_connection_set_peer_requirement	-
_xpc_connection_set_peer_team_identity_requirement	18.0
_xpc_create_from_plist_with_string_cache	-
_xpc_create_from_serialization_with_string_cache	-
_xpc_dictionary_send_reply_4SWIFT	18.0
_xpc_dictionary_set_value_with_key_string_cache	-
_xpc_endpoint_create_bs_from_port	18.0
_xpc_endpoint_create_bs_named_user	-
_xpc_endpoint_create_bs_service	18.0
_xpc_event_publisher_create_subscription	18.0
_xpc_event_publisher_fire_barrier	18.0
_xpc_event_publisher_set_throttling	18.0
_xpc_get_service_identifier_for_token	18.0
_xpc_get_service_name_from_pid	18.0
_xpc_get_service_uid_for_token	18.0
_xpc_is_system_session	18.0
_xpc_is_xpcservice	18.0
_xpc_listener_activate	18.0
_xpc_listener_cancel	18.0
_xpc_listener_copy_description	18.0
_xpc_listener_create	18.0
_xpc_listener_create_anonymous	18.0
_xpc_listener_create_endpoint	18.0
_xpc_listener_reject_peer	18.0
_xpc_listener_set_incoming_session_handler	-
_xpc_listener_set_peer_requirement	-
_xpc_peer_requirement_create_entitlement_exists	-
_xpc_peer_requirement_create_entitlement_matches_value	-
_xpc_peer_requirement_create_lwcr	-
_xpc_peer_requirement_create_platform_identity	-
_xpc_peer_requirement_create_team_identity	-
_xpc_peer_requirement_match_received_message	-
_xpc_receive_mach_msg_validate_hdr	18.0
_xpc_service_instance_set_archpref	-
_xpc_service_instance_set_use_sec_transition_shims	-
_xpc_session_set_instance	18.0
_xpc_session_set_peer_requirement	-
_xpc_session_set_target_queue	18.0
_xpc_string_cache_create	-
_xpc_string_cache_for_each	-
_xpc_string_cache_get_count	-
_xpc_string_cache_get_name	-
_xpc_string_create_cached	-
_xpc_transaction_try_exit_clean	18.0
_xzm_malloc_zone_introspect	18.0
_xzm_ptr_lookup_4test	18.0
_xzm_type_choose_ptr_bucket_4test	18.0
