# derived from host-values-real.tsv by make_fixture.py: one row's port bits moved one bit and its verdict set to !=, so the control has a unit that is not the host's
# a copy of the file sh tests/backports/host/units/run.sh -v wrote on 2026-09-29: the run the header below names; nothing in it is edited
# checks 5315 failures 0 run 2026-09-29 cmd sh tests/backports/host/units/run.sh -v
# class	unit	direction	v	host %17g	host bits	port bits	verdict
NSUnitAcceleration	m/s²	base	0	0	0000000000000000	0000000000000000	==
NSUnitAcceleration	m/s²	back	0	0	0000000000000000	0000000000000000	==
NSUnitAcceleration	m/s²	base	1	1	3ff0000000000000	3ff0000000000000	==
NSUnitAcceleration	m/s²	back	1	1	3ff0000000000000	3ff0000000000000	==
NSUnitAcceleration	m/s²	base	100	100	4059000000000000	4059000000000000	==
NSUnitAcceleration	m/s²	back	100	100	4059000000000000	4059000000000000	==
NSUnitAcceleration	g	base	0	0	0000000000000000	0000000000000000	==
NSUnitAcceleration	g	back	0	0	0000000000000000	0000000000000000	==
NSUnitAcceleration	g	base	1	9.8100000000000005	40239eb851eb851f	40239eb851eb851f	==
NSUnitAcceleration	g	back	1	0.1019367991845056	3fba1887b2c1a188	3fba1887b2c1a188	==
NSUnitAcceleration	g	base	100	981	408ea80000000000	408ea80000000000	==
NSUnitAcceleration	g	back	100	10.19367991845056	4024632a03a74632	4024632a03a74632	==
NSUnitAngle	°	base	0	0	0000000000000000	0000000000000000	==
NSUnitAngle	°	back	0	0	0000000000000000	0000000000000000	==
NSUnitAngle	°	base	1	1	3ff0000000000000	3ff0000000000000	==
NSUnitAngle	°	back	1	1	3ff0000000000000	3ff0000000000000	==
NSUnitAngle	°	base	100	100	4059000000000000	4059000000000000	==
NSUnitAngle	°	back	100	100	4059000000000000	4059000000000000	==
NSUnitAngle	ʹ	base	0	0	0000000000000000	0000000000000000	==
NSUnitAngle	ʹ	back	0	0	0000000000000000	0000000000000000	==
NSUnitAngle	ʹ	base	1	0.016667000000000001	3f9111276fb09204	3f9111276fb09204	==
NSUnitAngle	ʹ	back	1	59.998800023999515	404dffd8addf2935	404dffd8addf2935	==
NSUnitAngle	ʹ	base	100	1.6667000000000001	3ffaaacd9e83e426	3ffaaacd9e83e426	==
NSUnitAngle	ʹ	back	100	5999.880002399952	40b76fe147d65832	40b76fe147d65832	==
NSUnitAngle	ʺ	base	0	0	0000000000000000	0000000000000000	==
NSUnitAngle	ʺ	back	0	0	0000000000000000	0000000000000000	==
NSUnitAngle	ʺ	base	1	0.00027777999999999999	3f32346003f6af9f	3f32346003f6af9f	==
NSUnitAngle	ʺ	back	1	3599.9712002303982	40ac1ff1412816db	40ac1ff1412816db	==
NSUnitAngle	ʺ	base	100	0.027777999999999997	3f9c71d606317268	3f9c71d606317268	==
NSUnitAngle	ʺ	back	100	359997.12002303981	4115f8f47ae751db	4115f8f47ae751db	==
NSUnitAngle	rad	base	0	0	0000000000000000	0000000000000000	==
NSUnitAngle	rad	back	0	0	0000000000000000	0000000000000000	==
NSUnitAngle	rad	base	1	57.295779513082323	404ca5dc1a63c1f8	404ca5dc1a63c1f8	==
NSUnitAngle	rad	back	1	0.017453292519943295	3f91df46a2529d39	3f91df46a2529d39	==
NSUnitAngle	rad	base	100	5729.5779513082325	40b66193f49def8a	40b66193f49def8a	==
NSUnitAngle	rad	back	100	1.7453292519943295	3ffbecde5da115a9	3ffbecde5da115a9	==
NSUnitAngle	grad	base	0	0	0000000000000000	0000000000000000	==
NSUnitAngle	grad	back	0	0	0000000000000000	0000000000000000	==
NSUnitAngle	grad	base	1	0.90000000000000002	3feccccccccccccd	3feccccccccccccd	==
NSUnitAngle	grad	back	1	1.1111111111111112	3ff1c71c71c71c72	3ff1c71c71c71c72	==
NSUnitAngle	grad	base	100	90	4056800000000000	4056800000000000	==
NSUnitAngle	grad	back	100	111.11111111111111	405bc71c71c71c72	405bc71c71c71c72	==
NSUnitAngle	rev	base	0	0	0000000000000000	0000000000000000	==
NSUnitAngle	rev	back	0	0	0000000000000000	0000000000000000	==
NSUnitAngle	rev	base	1	360	4076800000000000	4076800000000000	==
NSUnitAngle	rev	back	1	0.0027777777777777779	3f66c16c16c16c17	3f66c16c16c16c17	==
NSUnitAngle	rev	base	100	36000	40e1940000000000	40e1940000000000	==
NSUnitAngle	rev	back	100	0.27777777777777779	3fd1c71c71c71c72	3fd1c71c71c71c72	==
NSUnitArea	Mm²	base	0	0	0000000000000000	0000000000000000	==
NSUnitArea	Mm²	back	0	0	0000000000000000	0000000000000000	==
NSUnitArea	Mm²	base	1	1000000000000	426d1a94a2000000	426d1a94a2000000	==
NSUnitArea	Mm²	back	1	9.9999999999999998e-13	3d719799812dea11	3d719799812dea11	==
NSUnitArea	Mm²	base	100	100000000000000	42d6bcc41e900000	42d6bcc41e900000	==
NSUnitArea	Mm²	back	100	1e-10	3ddb7cdfd9d7bdbb	3ddb7cdfd9d7bdbb	==
NSUnitArea	km²	base	0	0	0000000000000000	0000000000000000	==
NSUnitArea	km²	back	0	0	0000000000000000	0000000000000000	==
NSUnitArea	km²	base	1	1000000	412e848000000000	412e848000000000	==
NSUnitArea	km²	back	1	9.9999999999999995e-07	3eb0c6f7a0b5ed8d	3eb0c6f7a0b5ed8d	==
NSUnitArea	km²	base	100	100000000	4197d78400000000	4197d78400000000	==
NSUnitArea	km²	back	100	0.0001	3f1a36e2eb1c432d	3f1a36e2eb1c432d	==
NSUnitArea	m²	base	0	0	0000000000000000	0000000000000000	==
NSUnitArea	m²	back	0	0	0000000000000000	0000000000000000	==
NSUnitArea	m²	base	1	1	3ff0000000000000	3ff0000000000000	==
NSUnitArea	m²	back	1	1	3ff0000000000000	3ff0000000000000	==
NSUnitArea	m²	base	100	100	4059000000000000	4059000000000000	==
NSUnitArea	m²	back	100	100	4059000000000000	4059000000000000	==
NSUnitArea	cm²	base	0	0	0000000000000000	0000000000000000	==
NSUnitArea	cm²	back	0	0	0000000000000000	0000000000000000	==
NSUnitArea	cm²	base	1	0.0001	3f1a36e2eb1c432d	3f1a36e2eb1c432d	==
NSUnitArea	cm²	back	1	10000	40c3880000000000	40c3880000000000	==
NSUnitArea	cm²	base	100	0.01	3f847ae147ae147b	3f847ae147ae147b	==
NSUnitArea	cm²	back	100	1000000	412e848000000000	412e848000000000	==
NSUnitArea	mm²	base	0	0	0000000000000000	0000000000000000	==
NSUnitArea	mm²	back	0	0	0000000000000000	0000000000000000	==
NSUnitArea	mm²	base	1	9.9999999999999995e-07	3eb0c6f7a0b5ed8d	3eb0c6f7a0b5ed8d	==
NSUnitArea	mm²	back	1	1000000	412e848000000000	412e848000000000	==
NSUnitArea	mm²	base	100	9.9999999999999991e-05	3f1a36e2eb1c432c	3f1a36e2eb1c432c	==
NSUnitArea	mm²	back	100	100000000	4197d78400000000	4197d78400000000	==
NSUnitArea	µm²	base	0	0	0000000000000000	0000000000000000	==
NSUnitArea	µm²	back	0	0	0000000000000000	0000000000000000	==
NSUnitArea	µm²	base	1	9.9999999999999998e-13	3d719799812dea11	3d719799812dea11	==
NSUnitArea	µm²	back	1	1000000000000	426d1a94a2000000	426d1a94a2000000	==
NSUnitArea	µm²	base	100	1e-10	3ddb7cdfd9d7bdbb	3ddb7cdfd9d7bdbb	==
NSUnitArea	µm²	back	100	100000000000000	42d6bcc41e900000	42d6bcc41e900000	==
NSUnitArea	nm²	base	0	0	0000000000000000	0000000000000000	==
NSUnitArea	nm²	back	0	0	0000000000000000	0000000000000000	==
NSUnitArea	nm²	base	1	1.0000000000000001e-18	3c32725dd1d243ac	3c32725dd1d243ac	==
NSUnitArea	nm²	back	1	9.9999999999999987e+17	43abc16d674ec7ff	43abc16d674ec7ff	==
NSUnitArea	nm²	base	100	1.0000000000000001e-16	3c9cd2b297d889bd	3c9cd2b297d889bd	==
NSUnitArea	nm²	back	100	1e+20	4415af1d78b58c40	4415af1d78b58c40	==
NSUnitArea	in²	base	0	0	0000000000000000	0000000000000000	==
NSUnitArea	in²	back	0	0	0000000000000000	0000000000000000	==
NSUnitArea	in²	base	1	0.00064515999999999998	3f4523fe8ce352cb	3f4523fe8ce352cb	==
NSUnitArea	in²	back	1	1550.0031000062002	409838032ca5e4fd	409838032ca5e4fd	==
NSUnitArea	in²	base	100	0.064516000000000004	3fb0841ede1198af	3fb0841ede1198af	==
NSUnitArea	in²	back	100	155000.31000062	4102ebc27ae19ae5	4102ebc27ae19ae5	==
NSUnitArea	ft²	base	0	0	0000000000000000	0000000000000000	==
NSUnitArea	ft²	back	0	0	0000000000000000	0000000000000000	==
NSUnitArea	ft²	base	1	0.092903040000000006	3fb7c87e5e7fbd25	3fb7c87e5e7fbd25	==
NSUnitArea	ft²	back	1	10.763910416709722	4025871f4421af19	4025871f4421af19	==
NSUnitArea	ft²	base	100	9.2903040000000008	402294a2b9d3cbc5	402294a2b9d3cbc5	==
NSUnitArea	ft²	back	100	1076.3910416709721	4090d1906d3a50cb	4090d1906d3a50cb	==
NSUnitArea	yd²	base	0	0	0000000000000000	0000000000000000	==
NSUnitArea	yd²	back	0	0	0000000000000000	0000000000000000	==
NSUnitArea	yd²	base	1	0.83612735999999999	3feac18e2a4fb4c9	3feac18e2a4fb4c9	==
NSUnitArea	yd²	back	1	1.1959900463010802	3ff322c67573464f	3ff322c67573464f	==
NSUnitArea	yd²	base	100	83.612735999999998	4054e737110e453d	4054e737110e453d	==
NSUnitArea	yd²	back	100	119.59900463010803	405de65617841ddc	405de65617841ddc	==
NSUnitArea	mi²	base	0	0	0000000000000000	0000000000000000	==
NSUnitArea	mi²	back	0	0	0000000000000000	0000000000000000	==
NSUnitArea	mi²	base	1	2589988.1103360001	4143c2920e1f7d74	4143c2920e1f7d74	==
NSUnitArea	mi²	back	1	3.8610215854244582e-07	3e99e92f4055ad50	3e99e92f4055ad50	==
NSUnitArea	mi²	base	100	258998811.0336	41aee00436113405	41aee00436113405	==
NSUnitArea	mi²	back	100	3.8610215854244585e-05	3f043e2cea42ef67	3f043e2cea42ef67	==
NSUnitArea	ac	base	0	0	0000000000000000	0000000000000000	==
NSUnitArea	ac	back	0	0	0000000000000000	0000000000000000	==
NSUnitArea	ac	base	1	4046.8564224000002	40af9db67cff2f20	40af9db67cff2f20	==
NSUnitArea	ac	back	1	0.00024710538146716532	3f3031bd88358c52	3f3031bd88358c52	==
NSUnitArea	ac	base	100	404685.64224000002	4118b33691a75cd1	4118b33691a75cd1	==
NSUnitArea	ac	back	100	0.024710538146716532	3f994db824d3ab40	3f994db824d3ab40	==
NSUnitArea	a	base	0	0	0000000000000000	0000000000000000	==
NSUnitArea	a	back	0	0	0000000000000000	0000000000000000	==
NSUnitArea	a	base	1	100	4059000000000000	4059000000000000	==
NSUnitArea	a	back	1	0.01	3f847ae147ae147b	3f847ae147ae147b	==
NSUnitArea	a	base	100	10000	40c3880000000000	40c3880000000000	==
NSUnitArea	a	back	100	1	3ff0000000000000	3ff0000000000000	==
NSUnitArea	ha	base	0	0	0000000000000000	0000000000000000	==
NSUnitArea	ha	back	0	0	0000000000000000	0000000000000000	==
NSUnitArea	ha	base	1	10000	40c3880000000000	40c3880000000000	==
NSUnitArea	ha	back	1	0.0001	3f1a36e2eb1c432d	3f1a36e2eb1c432d	==
NSUnitArea	ha	base	100	1000000	412e848000000000	412e848000000000	==
NSUnitArea	ha	back	100	0.01	3f847ae147ae147b	3f847ae147ae147b	==
NSUnitConcentrationMass	g/L	base	0	0	0000000000000000	0000000000000000	==
NSUnitConcentrationMass	g/L	back	0	0	0000000000000000	0000000000000000	==
NSUnitConcentrationMass	g/L	base	1	1	3ff0000000000000	3ff0000000000000	==
NSUnitConcentrationMass	g/L	back	1	1	3ff0000000000000	3ff0000000000000	==
NSUnitConcentrationMass	g/L	base	100	100	4059000000000000	4059000000000000	==
NSUnitConcentrationMass	g/L	back	100	100	4059000000000000	4059000000000000	==
NSUnitConcentrationMass	mg/dL	base	0	0	0000000000000000	0000000000000000	==
NSUnitConcentrationMass	mg/dL	back	0	0	0000000000000000	0000000000000000	==
NSUnitConcentrationMass	mg/dL	base	1	0.01	3f847ae147ae147b	3f847ae147ae147b	==
NSUnitConcentrationMass	mg/dL	back	1	100	4059000000000000	4059000000000000	==
NSUnitConcentrationMass	mg/dL	base	100	1	3ff0000000000000	3ff0000000000000	==
NSUnitConcentrationMass	mg/dL	back	100	10000	40c3880000000000	40c3880000000000	==
NSUnitDispersion	ppm	base	0	0	0000000000000000	0000000000000000	==
NSUnitDispersion	ppm	back	0	0	0000000000000000	0000000000000000	==
NSUnitDispersion	ppm	base	1	1	3ff0000000000000	3ff0000000000000	==
NSUnitDispersion	ppm	back	1	1	3ff0000000000000	3ff0000000000000	==
NSUnitDispersion	ppm	base	100	100	4059000000000000	4059000000000000	==
NSUnitDispersion	ppm	back	100	100	4059000000000000	4059000000000000	==
NSUnitDuration	hr	base	0	0	0000000000000000	0000000000000000	==
NSUnitDuration	hr	back	0	0	0000000000000000	0000000000000000	==
NSUnitDuration	hr	base	1	3600	40ac200000000000	40ac200000000000	==
NSUnitDuration	hr	back	1	0.00027777777777777778	3f323456789abcdf	3f323456789abcdf	==
NSUnitDuration	hr	base	100	360000	4115f90000000000	4115f90000000000	==
NSUnitDuration	hr	back	100	0.027777777777777776	3f9c71c71c71c71c	3f9c71c71c71c71c	==
NSUnitDuration	min	base	0	0	0000000000000000	0000000000000000	==
NSUnitDuration	min	back	0	0	0000000000000000	0000000000000000	==
NSUnitDuration	min	base	1	60	404e000000000000	404e000000000000	==
NSUnitDuration	min	back	1	0.016666666666666666	3f91111111111111	3f91111111111111	==
NSUnitDuration	min	base	100	6000	40b7700000000000	40b7700000000000	==
NSUnitDuration	min	back	100	1.6666666666666667	3ffaaaaaaaaaaaab	3ffaaaaaaaaaaaab	==
NSUnitDuration	s	base	0	0	0000000000000000	0000000000000000	==
NSUnitDuration	s	back	0	0	0000000000000000	0000000000000000	==
NSUnitDuration	s	base	1	1	3ff0000000000000	3ff0000000000000	==
NSUnitDuration	s	back	1	1	3ff0000000000000	3ff0000000000000	==
NSUnitDuration	s	base	100	100	4059000000000000	4059000000000000	==
NSUnitDuration	s	back	100	100	4059000000000000	4059000000000000	==
NSUnitDuration	ms	base	0	0	0000000000000000	0000000000000000	==
NSUnitDuration	ms	back	0	0	0000000000000000	0000000000000000	==
NSUnitDuration	ms	base	1	0.001	3f50624dd2f1a9fc	3f50624dd2f1a9fc	==
NSUnitDuration	ms	back	1	1000	408f400000000000	408f400000000000	==
NSUnitDuration	ms	base	100	0.10000000000000001	3fb999999999999a	3fb999999999999a	==
NSUnitDuration	ms	back	100	100000	40f86a0000000000	40f86a0000000000	==
NSUnitDuration	µs	base	0	0	0000000000000000	0000000000000000	==
NSUnitDuration	µs	back	0	0	0000000000000000	0000000000000000	==
NSUnitDuration	µs	base	1	9.9999999999999995e-07	3eb0c6f7a0b5ed8d	3eb0c6f7a0b5ed8d	==
NSUnitDuration	µs	back	1	1000000	412e848000000000	412e848000000000	==
NSUnitDuration	µs	base	100	9.9999999999999991e-05	3f1a36e2eb1c432c	3f1a36e2eb1c432c	==
NSUnitDuration	µs	back	100	100000000	4197d78400000000	4197d78400000000	==
NSUnitDuration	ns	base	0	0	0000000000000000	0000000000000000	==
NSUnitDuration	ns	back	0	0	0000000000000000	0000000000000000	==
NSUnitDuration	ns	base	1	1.0000000000000001e-09	3e112e0be826d695	3e112e0be826d695	==
NSUnitDuration	ns	back	1	999999999.99999988	41cdcd64ffffffff	41cdcd64ffffffff	==
NSUnitDuration	ns	base	100	1.0000000000000001e-07	3e7ad7f29abcaf49	3e7ad7f29abcaf49	==
NSUnitDuration	ns	back	100	100000000000	42374876e8000000	42374876e8000000	==
NSUnitDuration	ps	base	0	0	0000000000000000	0000000000000000	==
NSUnitDuration	ps	back	0	0	0000000000000000	0000000000000000	==
NSUnitDuration	ps	base	1	9.9999999999999998e-13	3d719799812dea11	3d719799812dea11	==
NSUnitDuration	ps	back	1	1000000000000	426d1a94a2000000	426d1a94a2000000	==
NSUnitDuration	ps	base	100	1e-10	3ddb7cdfd9d7bdbb	3ddb7cdfd9d7bdbb	==
NSUnitDuration	ps	back	100	100000000000000	42d6bcc41e900000	42d6bcc41e900000	==
NSUnitElectricCharge	C	base	0	0	0000000000000000	0000000000000000	==
NSUnitElectricCharge	C	back	0	0	0000000000000000	0000000000000000	==
NSUnitElectricCharge	C	base	1	1	3ff0000000000000	3ff0000000000000	==
NSUnitElectricCharge	C	back	1	1	3ff0000000000000	3ff0000000000000	==
NSUnitElectricCharge	C	base	100	100	4059000000000000	4059000000000000	==
NSUnitElectricCharge	C	back	100	100	4059000000000000	4059000000000000	==
NSUnitElectricCharge	MAh	base	0	0	0000000000000000	0000000000000000	==
NSUnitElectricCharge	MAh	back	0	0	0000000000000000	0000000000000000	==
NSUnitElectricCharge	MAh	base	1	3600000000	41ead27480000000	41ead27480000000	==
NSUnitElectricCharge	MAh	back	1	2.7777777777777777e-10	3df316b7e5807ca5	3df316b7e5807ca5	==
NSUnitElectricCharge	MAh	base	100	360000000000	4254f46b04000000	4254f46b04000000	==
NSUnitElectricCharge	MAh	back	100	2.7777777777777777e-08	3e5dd37f5698c2c2	3e5dd37f5698c2c2	==
NSUnitElectricCharge	kAh	base	0	0	0000000000000000	0000000000000000	==
NSUnitElectricCharge	kAh	back	0	0	0000000000000000	0000000000000000	==
NSUnitElectricCharge	kAh	base	1	3600000	414b774000000000	414b774000000000	==
NSUnitElectricCharge	kAh	back	1	2.7777777777777776e-07	3e92a42f961f79b9	3e92a42f961f79b9	==
NSUnitElectricCharge	kAh	base	100	360000000	41b5752a00000000	41b5752a00000000	==
NSUnitElectricCharge	kAh	back	100	2.7777777777777779e-05	3efd208a5a912e32	3efd208a5a912e32	==
NSUnitElectricCharge	Ah	base	0	0	0000000000000000	0000000000000000	==
NSUnitElectricCharge	Ah	back	0	0	0000000000000000	0000000000000000	==
NSUnitElectricCharge	Ah	base	1	3600	40ac200000000000	40ac200000000000	==
NSUnitElectricCharge	Ah	back	1	0.00027777777777777778	3f323456789abcdf	3f323456789abcdf	==
NSUnitElectricCharge	Ah	base	100	360000	4115f90000000000	4115f90000000000	==
NSUnitElectricCharge	Ah	back	100	0.027777777777777776	3f9c71c71c71c71c	3f9c71c71c71c71c	==
NSUnitElectricCharge	mAh	base	0	0	0000000000000000	0000000000000000	==
NSUnitElectricCharge	mAh	back	0	0	0000000000000000	0000000000000000	==
NSUnitElectricCharge	mAh	base	1	3.6000000000000001	400ccccccccccccd	400ccccccccccccd	==
NSUnitElectricCharge	mAh	back	1	0.27777777777777779	3fd1c71c71c71c72	3fd1c71c71c71c72	==
NSUnitElectricCharge	mAh	base	100	360	4076800000000000	4076800000000000	==
NSUnitElectricCharge	mAh	back	100	27.777777777777779	403bc71c71c71c72	403bc71c71c71c72	==
NSUnitElectricCharge	µAh	base	0	0	0000000000000000	0000000000000000	==
NSUnitElectricCharge	µAh	back	0	0	0000000000000000	0000000000000000	==
NSUnitElectricCharge	µAh	base	1	0.0035999999999999999	3f6d7dbf487fcb92	3f6d7dbf487fcb92	==
NSUnitElectricCharge	µAh	back	1	277.77777777777777	40715c71c71c71c7	40715c71c71c71c7	==
NSUnitElectricCharge	µAh	base	100	0.35999999999999999	3fd70a3d70a3d70a	3fd70a3d70a3d70a	==
NSUnitElectricCharge	µAh	back	100	27777.777777777777	40db2071c71c71c7	40db2071c71c71c7	==
NSUnitElectricCurrent	MA	base	0	0	0000000000000000	0000000000000000	==
NSUnitElectricCurrent	MA	back	0	0	0000000000000000	0000000000000000	==
NSUnitElectricCurrent	MA	base	1	1000000	412e848000000000	412e848000000000	==
NSUnitElectricCurrent	MA	back	1	9.9999999999999995e-07	3eb0c6f7a0b5ed8d	3eb0c6f7a0b5ed8d	==
NSUnitElectricCurrent	MA	base	100	100000000	4197d78400000000	4197d78400000000	==
NSUnitElectricCurrent	MA	back	100	0.0001	3f1a36e2eb1c432d	3f1a36e2eb1c432d	==
NSUnitElectricCurrent	kA	base	0	0	0000000000000000	0000000000000000	==
NSUnitElectricCurrent	kA	back	0	0	0000000000000000	0000000000000000	==
NSUnitElectricCurrent	kA	base	1	1000	408f400000000000	408f400000000000	==
NSUnitElectricCurrent	kA	back	1	0.001	3f50624dd2f1a9fc	3f50624dd2f1a9fc	==
NSUnitElectricCurrent	kA	base	100	100000	40f86a0000000000	40f86a0000000000	==
NSUnitElectricCurrent	kA	back	100	0.10000000000000001	3fb999999999999a	3fb999999999999a	==
NSUnitElectricCurrent	A	base	0	0	0000000000000000	0000000000000000	==
NSUnitElectricCurrent	A	back	0	0	0000000000000000	0000000000000000	==
NSUnitElectricCurrent	A	base	1	1	3ff0000000000000	3ff0000000000000	==
NSUnitElectricCurrent	A	back	1	1	3ff0000000000000	3ff0000000000000	==
NSUnitElectricCurrent	A	base	100	100	4059000000000000	4059000000000000	==
NSUnitElectricCurrent	A	back	100	100	4059000000000000	4059000000000000	==
NSUnitElectricCurrent	mA	base	0	0	0000000000000000	0000000000000000	==
NSUnitElectricCurrent	mA	back	0	0	0000000000000000	0000000000000000	==
NSUnitElectricCurrent	mA	base	1	0.001	3f50624dd2f1a9fc	3f50624dd2f1a9fc	==
NSUnitElectricCurrent	mA	back	1	1000	408f400000000000	408f400000000000	==
NSUnitElectricCurrent	mA	base	100	0.10000000000000001	3fb999999999999a	3fb999999999999a	==
NSUnitElectricCurrent	mA	back	100	100000	40f86a0000000000	40f86a0000000000	==
NSUnitElectricCurrent	µA	base	0	0	0000000000000000	0000000000000000	==
NSUnitElectricCurrent	µA	back	0	0	0000000000000000	0000000000000000	==
NSUnitElectricCurrent	µA	base	1	9.9999999999999995e-07	3eb0c6f7a0b5ed8d	3eb0c6f7a0b5ed8d	==
NSUnitElectricCurrent	µA	back	1	1000000	412e848000000000	412e848000000000	==
NSUnitElectricCurrent	µA	base	100	9.9999999999999991e-05	3f1a36e2eb1c432c	3f1a36e2eb1c432c	==
NSUnitElectricCurrent	µA	back	100	100000000	4197d78400000000	4197d78400000000	==
NSUnitElectricPotentialDifference	MV	base	0	0	0000000000000000	0000000000000000	==
NSUnitElectricPotentialDifference	MV	back	0	0	0000000000000000	0000000000000000	==
NSUnitElectricPotentialDifference	MV	base	1	1000000	412e848000000000	412e848000000000	==
NSUnitElectricPotentialDifference	MV	back	1	9.9999999999999995e-07	3eb0c6f7a0b5ed8d	3eb0c6f7a0b5ed8d	==
NSUnitElectricPotentialDifference	MV	base	100	100000000	4197d78400000000	4197d78400000000	==
NSUnitElectricPotentialDifference	MV	back	100	0.0001	3f1a36e2eb1c432d	3f1a36e2eb1c432d	==
NSUnitElectricPotentialDifference	kV	base	0	0	0000000000000000	0000000000000000	==
NSUnitElectricPotentialDifference	kV	back	0	0	0000000000000000	0000000000000000	==
NSUnitElectricPotentialDifference	kV	base	1	1000	408f400000000000	408f400000000000	==
NSUnitElectricPotentialDifference	kV	back	1	0.001	3f50624dd2f1a9fc	3f50624dd2f1a9fc	==
NSUnitElectricPotentialDifference	kV	base	100	100000	40f86a0000000000	40f86a0000000000	==
NSUnitElectricPotentialDifference	kV	back	100	0.10000000000000001	3fb999999999999a	3fb999999999999a	==
NSUnitElectricPotentialDifference	V	base	0	0	0000000000000000	0000000000000000	==
NSUnitElectricPotentialDifference	V	back	0	0	0000000000000000	0000000000000000	==
NSUnitElectricPotentialDifference	V	base	1	1	3ff0000000000000	3ff0000000000000	==
NSUnitElectricPotentialDifference	V	back	1	1	3ff0000000000000	3ff0000000000000	==
NSUnitElectricPotentialDifference	V	base	100	100	4059000000000000	4059000000000000	==
NSUnitElectricPotentialDifference	V	back	100	100	4059000000000000	4059000000000000	==
NSUnitElectricPotentialDifference	mV	base	0	0	0000000000000000	0000000000000000	==
NSUnitElectricPotentialDifference	mV	back	0	0	0000000000000000	0000000000000000	==
NSUnitElectricPotentialDifference	mV	base	1	0.001	3f50624dd2f1a9fc	3f50624dd2f1a9fc	==
NSUnitElectricPotentialDifference	mV	back	1	1000	408f400000000000	408f400000000000	==
NSUnitElectricPotentialDifference	mV	base	100	0.10000000000000001	3fb999999999999a	3fb999999999999a	==
NSUnitElectricPotentialDifference	mV	back	100	100000	40f86a0000000000	40f86a0000000000	==
NSUnitElectricPotentialDifference	µV	base	0	0	0000000000000000	0000000000000000	==
NSUnitElectricPotentialDifference	µV	back	0	0	0000000000000000	0000000000000000	==
NSUnitElectricPotentialDifference	µV	base	1	9.9999999999999995e-07	3eb0c6f7a0b5ed8d	3eb0c6f7a0b5ed8d	==
NSUnitElectricPotentialDifference	µV	back	1	1000000	412e848000000000	412e848000000000	==
NSUnitElectricPotentialDifference	µV	base	100	9.9999999999999991e-05	3f1a36e2eb1c432c	3f1a36e2eb1c432c	==
NSUnitElectricPotentialDifference	µV	back	100	100000000	4197d78400000000	4197d78400000000	==
NSUnitElectricResistance	MΩ	base	0	0	0000000000000000	0000000000000000	==
NSUnitElectricResistance	MΩ	back	0	0	0000000000000000	0000000000000000	==
NSUnitElectricResistance	MΩ	base	1	1000000	412e848000000000	412e848000000000	==
NSUnitElectricResistance	MΩ	back	1	9.9999999999999995e-07	3eb0c6f7a0b5ed8d	3eb0c6f7a0b5ed8d	==
NSUnitElectricResistance	MΩ	base	100	100000000	4197d78400000000	4197d78400000000	==
NSUnitElectricResistance	MΩ	back	100	0.0001	3f1a36e2eb1c432d	3f1a36e2eb1c432d	==
NSUnitElectricResistance	kΩ	base	0	0	0000000000000000	0000000000000000	==
NSUnitElectricResistance	kΩ	back	0	0	0000000000000000	0000000000000000	==
NSUnitElectricResistance	kΩ	base	1	1000	408f400000000000	408f400000000000	==
NSUnitElectricResistance	kΩ	back	1	0.001	3f50624dd2f1a9fc	3f50624dd2f1a9fc	==
NSUnitElectricResistance	kΩ	base	100	100000	40f86a0000000000	40f86a0000000000	==
NSUnitElectricResistance	kΩ	back	100	0.10000000000000001	3fb999999999999a	3fb999999999999a	==
NSUnitElectricResistance	Ω	base	0	0	0000000000000000	0000000000000000	==
NSUnitElectricResistance	Ω	back	0	0	0000000000000000	0000000000000000	==
NSUnitElectricResistance	Ω	base	1	1	3ff0000000000000	3ff0000000000000	==
NSUnitElectricResistance	Ω	back	1	1	3ff0000000000000	3ff0000000000000	==
NSUnitElectricResistance	Ω	base	100	100	4059000000000000	4059000000000000	==
NSUnitElectricResistance	Ω	back	100	100	4059000000000000	4059000000000000	==
NSUnitElectricResistance	mΩ	base	0	0	0000000000000000	0000000000000000	==
NSUnitElectricResistance	mΩ	back	0	0	0000000000000000	0000000000000000	==
NSUnitElectricResistance	mΩ	base	1	0.001	3f50624dd2f1a9fc	3f50624dd2f1a9fc	==
NSUnitElectricResistance	mΩ	back	1	1000	408f400000000000	408f400000000000	==
NSUnitElectricResistance	mΩ	base	100	0.10000000000000001	3fb999999999999a	3fb999999999999a	==
NSUnitElectricResistance	mΩ	back	100	100000	40f86a0000000000	40f86a0000000000	==
NSUnitElectricResistance	µΩ	base	0	0	0000000000000000	0000000000000000	==
NSUnitElectricResistance	µΩ	back	0	0	0000000000000000	0000000000000000	==
NSUnitElectricResistance	µΩ	base	1	9.9999999999999995e-07	3eb0c6f7a0b5ed8d	3eb0c6f7a0b5ed8d	==
NSUnitElectricResistance	µΩ	back	1	1000000	412e848000000000	412e848000000000	==
NSUnitElectricResistance	µΩ	base	100	9.9999999999999991e-05	3f1a36e2eb1c432c	3f1a36e2eb1c432c	==
NSUnitElectricResistance	µΩ	back	100	100000000	4197d78400000000	4197d78400000000	==
NSUnitEnergy	kJ	base	0	0	0000000000000000	0000000000000000	==
NSUnitEnergy	kJ	back	0	0	0000000000000000	0000000000000000	==
NSUnitEnergy	kJ	base	1	1000	408f400000000000	408f400000000000	==
NSUnitEnergy	kJ	back	1	0.001	3f50624dd2f1a9fc	3f50624dd2f1a9fc	==
NSUnitEnergy	kJ	base	100	100000	40f86a0000000000	40f86a0000000000	==
NSUnitEnergy	kJ	back	100	0.10000000000000001	3fb999999999999a	3fb999999999999a	==
NSUnitEnergy	J	base	0	0	0000000000000000	0000000000000000	==
NSUnitEnergy	J	back	0	0	0000000000000000	0000000000000000	==
NSUnitEnergy	J	base	1	1	3ff0000000000000	3ff0000000000000	==
NSUnitEnergy	J	back	1	1	3ff0000000000000	3ff0000000000000	==
NSUnitEnergy	J	base	100	100	4059000000000000	4059000000000000	==
NSUnitEnergy	J	back	100	100	4059000000000000	4059000000000000	==
NSUnitEnergy	kCal	base	0	0	0000000000000000	0000000000000000	==
NSUnitEnergy	kCal	back	0	0	0000000000000000	0000000000000000	==
NSUnitEnergy	kCal	base	1	4184	40b0580000000000	40b0580000000000	==
NSUnitEnergy	kCal	back	1	0.0002390057361376673	3f2f53b3a3fa204e	3f2f53b3a3fa204e	==
NSUnitEnergy	kCal	base	100	418400	4119898000000000	4119898000000000	==
NSUnitEnergy	kCal	back	100	0.02390057361376673	3f987964581b693d	3f987964581b693d	==
NSUnitEnergy	cal	base	0	0	0000000000000000	0000000000000000	==
NSUnitEnergy	cal	back	0	0	0000000000000000	0000000000000000	==
NSUnitEnergy	cal	base	1	4.1840000000000002	4010bc6a7ef9db23	4010bc6a7ef9db23	==
NSUnitEnergy	cal	back	1	0.23900573613766729	3fce97bd6e22438c	3fce97bd6e22438c	==
NSUnitEnergy	cal	base	100	418.40000000000003	407a266666666667	407a266666666667	==
NSUnitEnergy	cal	back	100	23.900573613766728	4037e68bfe0ac4c5	4037e68bfe0ac4c5	==
NSUnitEnergy	kWh	base	0	0	0000000000000000	0000000000000000	==
NSUnitEnergy	kWh	back	0	0	0000000000000000	0000000000000000	==
NSUnitEnergy	kWh	base	1	3600000	414b774000000000	414b774000000000	==
NSUnitEnergy	kWh	back	1	2.7777777777777776e-07	3e92a42f961f79b9	3e92a42f961f79b9	==
NSUnitEnergy	kWh	base	100	360000000	41b5752a00000000	41b5752a00000000	==
NSUnitEnergy	kWh	back	100	2.7777777777777779e-05	3efd208a5a912e32	3efd208a5a912e32	==
NSUnitFrequency	THz	base	0	0	0000000000000000	0000000000000000	==
NSUnitFrequency	THz	back	0	0	0000000000000000	0000000000000000	==
NSUnitFrequency	THz	base	1	1000000000000	426d1a94a2000000	426d1a94a2000000	==
NSUnitFrequency	THz	back	1	9.9999999999999998e-13	3d719799812dea11	3d719799812dea11	==
NSUnitFrequency	THz	base	100	100000000000000	42d6bcc41e900000	42d6bcc41e900000	==
NSUnitFrequency	THz	back	100	1e-10	3ddb7cdfd9d7bdbb	3ddb7cdfd9d7bdbb	==
NSUnitFrequency	GHz	base	0	0	0000000000000000	0000000000000000	==
NSUnitFrequency	GHz	back	0	0	0000000000000000	0000000000000000	==
NSUnitFrequency	GHz	base	1	1000000000	41cdcd6500000000	41cdcd6500000000	==
NSUnitFrequency	GHz	back	1	1.0000000000000001e-09	3e112e0be826d695	3e112e0be826d695	==
NSUnitFrequency	GHz	base	100	100000000000	42374876e8000000	42374876e8000000	==
NSUnitFrequency	GHz	back	100	9.9999999999999995e-08	3e7ad7f29abcaf48	3e7ad7f29abcaf48	==
NSUnitFrequency	MHz	base	0	0	0000000000000000	0000000000000000	==
NSUnitFrequency	MHz	back	0	0	0000000000000000	0000000000000000	==
NSUnitFrequency	MHz	base	1	1000000	412e848000000000	412e848000000000	==
NSUnitFrequency	MHz	back	1	9.9999999999999995e-07	3eb0c6f7a0b5ed8d	3eb0c6f7a0b5ed8d	==
NSUnitFrequency	MHz	base	100	100000000	4197d78400000000	4197d78400000000	==
NSUnitFrequency	MHz	back	100	0.0001	3f1a36e2eb1c432d	3f1a36e2eb1c432d	==
NSUnitFrequency	kHz	base	0	0	0000000000000000	0000000000000000	==
NSUnitFrequency	kHz	back	0	0	0000000000000000	0000000000000000	==
NSUnitFrequency	kHz	base	1	1000	408f400000000000	408f400000000000	==
NSUnitFrequency	kHz	back	1	0.001	3f50624dd2f1a9fc	3f50624dd2f1a9fc	==
NSUnitFrequency	kHz	base	100	100000	40f86a0000000000	40f86a0000000000	==
NSUnitFrequency	kHz	back	100	0.10000000000000001	3fb999999999999a	3fb999999999999a	==
NSUnitFrequency	Hz	base	0	0	0000000000000000	0000000000000000	==
NSUnitFrequency	Hz	back	0	0	0000000000000000	0000000000000000	==
NSUnitFrequency	Hz	base	1	1	3ff0000000000000	3ff0000000000000	==
NSUnitFrequency	Hz	back	1	1	3ff0000000000000	3ff0000000000000	==
NSUnitFrequency	Hz	base	100	100	4059000000000000	4059000000000000	==
NSUnitFrequency	Hz	back	100	100	4059000000000000	4059000000000000	==
NSUnitFrequency	mHz	base	0	0	0000000000000000	0000000000000000	==
NSUnitFrequency	mHz	back	0	0	0000000000000000	0000000000000000	==
NSUnitFrequency	mHz	base	1	0.001	3f50624dd2f1a9fc	3f50624dd2f1a9fc	==
NSUnitFrequency	mHz	back	1	1000	408f400000000000	408f400000000000	==
NSUnitFrequency	mHz	base	100	0.10000000000000001	3fb999999999999a	3fb999999999999a	==
NSUnitFrequency	mHz	back	100	100000	40f86a0000000000	40f86a0000000000	==
NSUnitFrequency	µHz	base	0	0	0000000000000000	0000000000000000	==
NSUnitFrequency	µHz	back	0	0	0000000000000000	0000000000000000	==
NSUnitFrequency	µHz	base	1	9.9999999999999995e-07	3eb0c6f7a0b5ed8d	3eb0c6f7a0b5ed8d	==
NSUnitFrequency	µHz	back	1	1000000	412e848000000000	412e848000000000	==
NSUnitFrequency	µHz	base	100	9.9999999999999991e-05	3f1a36e2eb1c432c	3f1a36e2eb1c432c	==
NSUnitFrequency	µHz	back	100	100000000	4197d78400000000	4197d78400000000	==
NSUnitFrequency	nHz	base	0	0	0000000000000000	0000000000000000	==
NSUnitFrequency	nHz	back	0	0	0000000000000000	0000000000000000	==
NSUnitFrequency	nHz	base	1	1.0000000000000001e-09	3e112e0be826d695	3e112e0be826d695	==
NSUnitFrequency	nHz	back	1	999999999.99999988	41cdcd64ffffffff	41cdcd64ffffffff	==
NSUnitFrequency	nHz	base	100	1.0000000000000001e-07	3e7ad7f29abcaf49	3e7ad7f29abcaf49	==
NSUnitFrequency	nHz	back	100	100000000000	42374876e8000000	42374876e8000000	==
NSUnitFrequency	fps	base	0	0	0000000000000000	0000000000000000	==
NSUnitFrequency	fps	back	0	0	0000000000000000	0000000000000000	==
NSUnitFrequency	fps	base	1	1	3ff0000000000000	3ff0000000000000	==
NSUnitFrequency	fps	back	1	1	3ff0000000000000	3ff0000000000000	==
NSUnitFrequency	fps	base	100	100	4059000000000000	4059000000000000	==
NSUnitFrequency	fps	back	100	100	4059000000000000	4059000000000000	==
NSUnitFuelEfficiency	L/100km	base	0	0	0000000000000000	0000000000000000	==
NSUnitFuelEfficiency	L/100km	back	0	0	0000000000000000	0000000000000000	==
NSUnitFuelEfficiency	L/100km	base	1	1	3ff0000000000000	3ff0000000000000	==
NSUnitFuelEfficiency	L/100km	back	1	1	3ff0000000000000	3ff0000000000000	==
NSUnitFuelEfficiency	L/100km	base	100	100	4059000000000000	4059000000000000	==
NSUnitFuelEfficiency	L/100km	back	100	100	4059000000000000	4059000000000000	==
NSUnitFuelEfficiency	mpg	base	0	inf	7ff0000000000000	7ff0000000000000	==
NSUnitFuelEfficiency	mpg	back	0	inf	7ff0000000000000	7ff0000000000000	==
NSUnitFuelEfficiency	mpg	base	1	282.48099999999999	4071a7b22d0e5604	4071a7b22d0e5604	==
NSUnitFuelEfficiency	mpg	back	1	282.48099999999999	4071a7b22d0e5604	4071a7b22d0e5604	==
NSUnitFuelEfficiency	mpg	base	100	2.8248099999999998	40069935fc3b4f61	40069935fc3b4f61	==
NSUnitFuelEfficiency	mpg	back	100	2.8248099999999998	40069935fc3b4f61	40069935fc3b4f61	==
NSUnitFuelEfficiency	mpg	base	0	inf	7ff0000000000000	7ff0000000000000	==
NSUnitFuelEfficiency	mpg	back	0	inf	7ff0000000000000	7ff0000000000000	==
NSUnitFuelEfficiency	mpg	base	1	235.215	406d66e147ae147b	406d66e147ae147b	==
NSUnitFuelEfficiency	mpg	back	1	235.215	406d66e147ae147b	406d66e147ae147b	==
NSUnitFuelEfficiency	mpg	base	100	2.35215	4002d13404ea4a8c	4002d13404ea4a8c	==
NSUnitFuelEfficiency	mpg	back	100	2.35215	4002d13404ea4a8c	4002d13404ea4a8c	==
NSUnitIlluminance	lx	base	0	0	0000000000000000	0000000000000000	==
NSUnitIlluminance	lx	back	0	0	0000000000000000	0000000000000000	==
NSUnitIlluminance	lx	base	1	1	3ff0000000000000	3ff0000000000000	==
NSUnitIlluminance	lx	back	1	1	3ff0000000000000	3ff0000000000000	==
NSUnitIlluminance	lx	base	100	100	4059000000000000	4059000000000000	==
NSUnitIlluminance	lx	back	100	100	4059000000000000	4059000000000000	==
NSUnitLength	Mm	base	0	0	0000000000000000	0000000000000000	==
NSUnitLength	Mm	back	0	0	0000000000000000	0000000000000000	==
NSUnitLength	Mm	base	1	1000000	412e848000000000	412e848000000000	==
NSUnitLength	Mm	back	1	9.9999999999999995e-07	3eb0c6f7a0b5ed8d	3eb0c6f7a0b5ed8d	==
NSUnitLength	Mm	base	100	100000000	4197d78400000000	4197d78400000000	==
NSUnitLength	Mm	back	100	0.0001	3f1a36e2eb1c432d	3f1a36e2eb1c432d	==
NSUnitLength	km	base	0	0	0000000000000000	0000000000000000	==
NSUnitLength	km	back	0	0	0000000000000000	0000000000000000	==
NSUnitLength	km	base	1	1000	408f400000000000	408f400000000000	==
NSUnitLength	km	back	1	0.001	3f50624dd2f1a9fc	3f50624dd2f1a9fc	==
NSUnitLength	km	base	100	100000	40f86a0000000000	40f86a0000000000	==
NSUnitLength	km	back	100	0.10000000000000001	3fb999999999999a	3fb999999999999a	==
NSUnitLength	hm	base	0	0	0000000000000000	0000000000000000	==
NSUnitLength	hm	back	0	0	0000000000000000	0000000000000000	==
NSUnitLength	hm	base	1	100	4059000000000000	4059000000000000	==
NSUnitLength	hm	back	1	0.01	3f847ae147ae147b	3f847ae147ae147b	==
NSUnitLength	hm	base	100	10000	40c3880000000000	40c3880000000000	==
NSUnitLength	hm	back	100	1	3ff0000000000000	3ff0000000000000	==
NSUnitLength	dam	base	0	0	0000000000000000	0000000000000000	==
NSUnitLength	dam	back	0	0	0000000000000000	0000000000000000	==
NSUnitLength	dam	base	1	10	4024000000000000	4024000000000000	==
NSUnitLength	dam	back	1	0.10000000000000001	3fb999999999999a	3fb999999999999a	==
NSUnitLength	dam	base	100	1000	408f400000000000	408f400000000000	==
NSUnitLength	dam	back	100	10	4024000000000000	4024000000000000	==
NSUnitLength	m	base	0	0	0000000000000000	0000000000000000	==
NSUnitLength	m	back	0	0	0000000000000000	0000000000000000	==
NSUnitLength	m	base	1	1	3ff0000000000000	3ff0000000000000	==
NSUnitLength	m	back	1	1	3ff0000000000000	3ff0000000000000	==
NSUnitLength	m	base	100	100	4059000000000000	4059000000000000	==
NSUnitLength	m	back	100	100	4059000000000000	4059000000000000	==
NSUnitLength	dm	base	0	0	0000000000000000	0000000000000000	==
NSUnitLength	dm	back	0	0	0000000000000000	0000000000000000	==
NSUnitLength	dm	base	1	0.10000000000000001	3fb999999999999a	3fb999999999999a	==
NSUnitLength	dm	back	1	10	4024000000000000	4024000000000000	==
NSUnitLength	dm	base	100	10	4024000000000000	4024000000000000	==
NSUnitLength	dm	back	100	1000	408f400000000000	408f400000000000	==
NSUnitLength	cm	base	0	0	0000000000000000	0000000000000000	==
NSUnitLength	cm	back	0	0	0000000000000000	0000000000000000	==
NSUnitLength	cm	base	1	0.01	3f847ae147ae147b	3f847ae147ae147b	==
NSUnitLength	cm	back	1	100	4059000000000000	4059000000000000	==
NSUnitLength	cm	base	100	1	3ff0000000000000	3ff0000000000000	==
NSUnitLength	cm	back	100	10000	40c3880000000000	40c3880000000000	==
NSUnitLength	mm	base	0	0	0000000000000000	0000000000000000	==
NSUnitLength	mm	back	0	0	0000000000000000	0000000000000000	==
NSUnitLength	mm	base	1	0.001	3f50624dd2f1a9fc	3f50624dd2f1a9fc	==
NSUnitLength	mm	back	1	1000	408f400000000000	408f400000000000	==
NSUnitLength	mm	base	100	0.10000000000000001	3fb999999999999a	3fb999999999999a	==
NSUnitLength	mm	back	100	100000	40f86a0000000000	40f86a0000000000	==
NSUnitLength	µm	base	0	0	0000000000000000	0000000000000000	==
NSUnitLength	µm	back	0	0	0000000000000000	0000000000000000	==
NSUnitLength	µm	base	1	9.9999999999999995e-07	3eb0c6f7a0b5ed8d	3eb0c6f7a0b5ed8d	==
NSUnitLength	µm	back	1	1000000	412e848000000000	412e848000000000	==
NSUnitLength	µm	base	100	9.9999999999999991e-05	3f1a36e2eb1c432c	3f1a36e2eb1c432c	==
NSUnitLength	µm	back	100	100000000	4197d78400000000	4197d78400000000	==
NSUnitLength	nm	base	0	0	0000000000000000	0000000000000000	==
NSUnitLength	nm	back	0	0	0000000000000000	0000000000000000	==
NSUnitLength	nm	base	1	1.0000000000000001e-09	3e112e0be826d695	3e112e0be826d695	==
NSUnitLength	nm	back	1	999999999.99999988	41cdcd64ffffffff	41cdcd64ffffffff	==
NSUnitLength	nm	base	100	1.0000000000000001e-07	3e7ad7f29abcaf49	3e7ad7f29abcaf49	==
NSUnitLength	nm	back	100	100000000000	42374876e8000000	42374876e8000000	==
NSUnitLength	pm	base	0	0	0000000000000000	0000000000000000	==
NSUnitLength	pm	back	0	0	0000000000000000	0000000000000000	==
NSUnitLength	pm	base	1	9.9999999999999998e-13	3d719799812dea11	3d719799812dea11	==
NSUnitLength	pm	back	1	1000000000000	426d1a94a2000000	426d1a94a2000000	==
NSUnitLength	pm	base	100	1e-10	3ddb7cdfd9d7bdbb	3ddb7cdfd9d7bdbb	==
NSUnitLength	pm	back	100	100000000000000	42d6bcc41e900000	42d6bcc41e900000	==
NSUnitLength	in	base	0	0	0000000000000000	0000000000000000	==
NSUnitLength	in	back	0	0	0000000000000000	0000000000000000	==
NSUnitLength	in	base	1	0.025399999999999999	3f9a027525460aa6	3f9a027525460aa6	==
NSUnitLength	in	back	1	39.370078740157481	4043af5ebd7af5ec	4043af5ebd7af5ec	==
NSUnitLength	in	base	100	2.54	400451eb851eb852	400451eb851eb852	==
NSUnitLength	in	back	100	3937.0078740157483	40aec20408102041	40aec20408102041	==
NSUnitLength	ft	base	0	0	0000000000000000	0000000000000000	==
NSUnitLength	ft	back	0	0	0000000000000000	0000000000000000	==
NSUnitLength	ft	base	1	0.30480000000000002	3fd381d7dbf487fd	3fd381d7dbf487fd	==
NSUnitLength	ft	back	1	3.280839895013123	400a3f28fca3f28f	400a3f28fca3f28f	==
NSUnitLength	ft	base	100	30.48	403e7ae147ae147b	403e7ae147ae147b	==
NSUnitLength	ft	back	100	328.08398950131232	4074815805601580	4074815805601580	==
NSUnitLength	yd	base	0	0	0000000000000000	0000000000000000	==
NSUnitLength	yd	back	0	0	0000000000000000	0000000000000000	==
NSUnitLength	yd	base	1	0.91439999999999999	3fed42c3c9eecbfb	3fed42c3c9eecbfb	==
NSUnitLength	yd	back	1	1.0936132983377078	3ff17f70a86d4c60	3ff17f70a86d4c60	==
NSUnitLength	yd	base	100	91.439999999999998	4056dc28f5c28f5c	4056dc28f5c28f5c	==
NSUnitLength	yd	back	100	109.36132983377078	405b5720072ac756	405b5720072ac756	==
NSUnitLength	mi	base	0	0	0000000000000000	0000000000000000	==
NSUnitLength	mi	back	0	0	0000000000000000	0000000000000000	==
NSUnitLength	mi	base	1	1609.3440000000001	409925604189374c	409925604189374c	==
NSUnitLength	mi	back	1	0.00062137119223733392	3f445c707983d68b	3f445c707983d68b	==
NSUnitLength	mi	base	100	160934.39999999999	4103a53333333333	4103a53333333333	==
NSUnitLength	mi	back	100	0.062137119223733397	3fafd06fbdddff3a	3fafd06fbdddff3a	==
NSUnitLength	smi	base	0	0	0000000000000000	0000000000000000	==
NSUnitLength	smi	back	0	0	0000000000000000	0000000000000000	==
NSUnitLength	smi	base	1	10000	40c3880000000000	40c3880000000000	==
NSUnitLength	smi	back	1	0.0001	3f1a36e2eb1c432d	3f1a36e2eb1c432d	==
NSUnitLength	smi	base	100	1000000	412e848000000000	412e848000000000	==
NSUnitLength	smi	back	100	0.01	3f847ae147ae147b	3f847ae147ae147b	==
NSUnitLength	ly	base	0	0	0000000000000000	0000000000000000	==
NSUnitLength	ly	back	0	0	0000000000000000	0000000000000000	==
NSUnitLength	ly	base	1	9460730472580800	4340ce3dfb912360	4340ce3dfb912360	==
NSUnitLength	ly	back	1	1.0570008340246154e-16	3c9e774a1fd7b612	3c9e774a1fd7b612	==
NSUnitLength	ly	base	100	9.4607304725808e+17	43aa4240d912c746	43aa4240d912c746	==
NSUnitLength	ly	back	100	1.0570008340246154e-14	3d07cd31e8e0863e	3d07cd31e8e0863e	==
NSUnitLength	NM	base	0	0	0000000000000000	0000000000000000	==
NSUnitLength	NM	back	0	0	0000000000000000	0000000000000000	==
NSUnitLength	NM	base	1	1852	409cf00000000000	409cf00000000000	==
NSUnitLength	NM	back	1	0.00053995680345572358	3f41b17c67f2bae3	3f41b17c67f2bae3	==
NSUnitLength	NM	base	100	185200	41069b8000000000	41069b8000000000	==
NSUnitLength	NM	back	100	0.053995680345572353	3faba552626b4402	3faba552626b4402	==
NSUnitLength	ftm	base	0	0	0000000000000000	0000000000000000	==
NSUnitLength	ftm	back	0	0	0000000000000000	0000000000000000	==
NSUnitLength	ftm	base	1	1.8288	3ffd42c3c9eecbfb	3ffd42c3c9eecbfb	==
NSUnitLength	ftm	back	1	0.54680664916885391	3fe17f70a86d4c60	3fe17f70a86d4c60	==
NSUnitLength	ftm	base	100	182.88	4066dc28f5c28f5c	4066dc28f5c28f5c	==
NSUnitLength	ftm	back	100	54.680664916885391	404b5720072ac756	404b5720072ac756	==
NSUnitLength	fur	base	0	0	0000000000000000	0000000000000000	==
NSUnitLength	fur	back	0	0	0000000000000000	0000000000000000	==
NSUnitLength	fur	base	1	201.16800000000001	406925604189374c	406925604189374c	==
NSUnitLength	fur	back	1	0.0049709695378986713	3f745c707983d68b	3f745c707983d68b	==
NSUnitLength	fur	base	100	20116.799999999999	40d3a53333333333	40d3a53333333333	==
NSUnitLength	fur	back	100	0.49709695378986718	3fdfd06fbdddff3a	3fdfd06fbdddff3a	==
NSUnitLength	ua	base	0	0	0000000000000000	0000000000000000	==
NSUnitLength	ua	back	0	0	0000000000000000	0000000000000000	==
NSUnitLength	ua	base	1	149597870700	42416a5d2d360000	42416a5d2d360000	==
NSUnitLength	ua	back	1	6.6845871222684451e-12	3d9d662d0f88171a	3d9d662d0f88171a	==
NSUnitLength	ua	base	100	14959787070000	42ab363196a46000	42ab363196a46000	==
NSUnitLength	ua	back	100	6.6845871222684458e-10	3e06f7d33422520d	3e06f7d33422520d	==
NSUnitLength	pc	base	0	0	0000000000000000	0000000000000000	==
NSUnitLength	pc	back	0	0	0000000000000000	0000000000000000	==
NSUnitLength	pc	base	1	30856775814913672	435b6804be5727a2	435b6804be5727a2	==
NSUnitLength	pc	back	1	3.240779289444365e-17	3c82ae8bccb1ccd2	3c82ae8bccb1ccd2	==
NSUnitLength	pc	base	100	3.0856775814913674e+18	43c56943b4b416f7	43c56943b4b416f7	==
NSUnitLength	pc	back	100	3.2407792894443649e-15	3ced30ba6fd5d008	3ced30ba6fd5d008	==
NSUnitMass	kg	base	0	0	0000000000000000	0000000000000000	==
NSUnitMass	kg	back	0	0	0000000000000000	0000000000000000	==
NSUnitMass	kg	base	1	1	3ff0000000000000	3ff0000000000000	==
NSUnitMass	kg	back	1	1	3ff0000000000000	3ff0000000000000	==
NSUnitMass	kg	base	100	100	4059000000000000	4059000000000000	==
NSUnitMass	kg	back	100	100	4059000000000000	4059000000000000	==
NSUnitMass	g	base	0	0	0000000000000000	0000000000000000	==
NSUnitMass	g	back	0	0	0000000000000000	0000000000000000	==
NSUnitMass	g	base	1	0.001	3f50624dd2f1a9fc	3f50624dd2f1a9fc	==
NSUnitMass	g	back	1	1000	408f400000000000	408f400000000000	==
NSUnitMass	g	base	100	0.10000000000000001	3fb999999999999a	3fb999999999999a	==
NSUnitMass	g	back	100	100000	40f86a0000000000	40f86a0000000000	==
NSUnitMass	dg	base	0	0	0000000000000000	0000000000000000	==
NSUnitMass	dg	back	0	0	0000000000000000	0000000000000000	==
NSUnitMass	dg	base	1	0.0001	3f1a36e2eb1c432d	3f1a36e2eb1c432d	==
NSUnitMass	dg	back	1	10000	40c3880000000000	40c3880000000000	==
NSUnitMass	dg	base	100	0.01	3f847ae147ae147b	3f847ae147ae147b	==
NSUnitMass	dg	back	100	1000000	412e848000000000	412e848000000000	==
NSUnitMass	cg	base	0	0	0000000000000000	0000000000000000	==
NSUnitMass	cg	back	0	0	0000000000000000	0000000000000000	==
NSUnitMass	cg	base	1	1.0000000000000001e-05	3ee4f8b588e368f1	3ee4f8b588e368f1	==
NSUnitMass	cg	back	1	99999.999999999985	40f869ffffffffff	40f869ffffffffff	==
NSUnitMass	cg	base	100	0.001	3f50624dd2f1a9fc	3f50624dd2f1a9fc	==
NSUnitMass	cg	back	100	10000000	416312d000000000	416312d000000000	==
NSUnitMass	mg	base	0	0	0000000000000000	0000000000000000	==
NSUnitMass	mg	back	0	0	0000000000000000	0000000000000000	==
NSUnitMass	mg	base	1	9.9999999999999995e-07	3eb0c6f7a0b5ed8d	3eb0c6f7a0b5ed8d	==
NSUnitMass	mg	back	1	1000000	412e848000000000	412e848000000000	==
NSUnitMass	mg	base	100	9.9999999999999991e-05	3f1a36e2eb1c432c	3f1a36e2eb1c432c	==
NSUnitMass	mg	back	100	100000000	4197d78400000000	4197d78400000000	==
NSUnitMass	µg	base	0	0	0000000000000000	0000000000000000	==
NSUnitMass	µg	back	0	0	0000000000000000	0000000000000000	==
NSUnitMass	µg	base	1	1.0000000000000001e-09	3e112e0be826d695	3e112e0be826d695	==
NSUnitMass	µg	back	1	999999999.99999988	41cdcd64ffffffff	41cdcd64ffffffff	==
NSUnitMass	µg	base	100	1.0000000000000001e-07	3e7ad7f29abcaf49	3e7ad7f29abcaf49	==
NSUnitMass	µg	back	100	100000000000	42374876e8000000	42374876e8000000	==
NSUnitMass	ng	base	0	0	0000000000000000	0000000000000000	==
NSUnitMass	ng	back	0	0	0000000000000000	0000000000000000	==
NSUnitMass	ng	base	1	9.9999999999999998e-13	3d719799812dea11	3d719799812dea11	==
NSUnitMass	ng	back	1	1000000000000	426d1a94a2000000	426d1a94a2000000	==
NSUnitMass	ng	base	100	1e-10	3ddb7cdfd9d7bdbb	3ddb7cdfd9d7bdbb	==
NSUnitMass	ng	back	100	100000000000000	42d6bcc41e900000	42d6bcc41e900000	==
NSUnitMass	pg	base	0	0	0000000000000000	0000000000000000	==
NSUnitMass	pg	back	0	0	0000000000000000	0000000000000000	==
NSUnitMass	pg	base	1	1.0000000000000001e-15	3cd203af9ee75616	3cd203af9ee75616	==
NSUnitMass	pg	back	1	999999999999999.88	430c6bf52633ffff	430c6bf52633ffff	==
NSUnitMass	pg	base	100	1e-13	3d3c25c268497682	3d3c25c268497682	==
NSUnitMass	pg	back	100	1e+17	4376345785d8a000	4376345785d8a000	==
NSUnitMass	oz	base	0	0	0000000000000000	0000000000000000	==
NSUnitMass	oz	back	0	0	0000000000000000	0000000000000000	==
NSUnitMass	oz	base	1	0.0283495	3f9d07a6bd6e8af8	3f9d07a6bd6e8af8	==
NSUnitMass	oz	back	1	35.273990722940439	4041a31220c537e2	4041a31220c537e2	==
NSUnitMass	oz	base	100	2.8349500000000001	4006adfa43fe5c92	4006adfa43fe5c92	==
NSUnitMass	oz	back	100	3527.3990722940439	40ab8ecc53342751	40ab8ecc53342751	==
NSUnitMass	lb	base	0	0	0000000000000000	0000000000000000	==
NSUnitMass	lb	back	0	0	0000000000000000	0000000000000000	==
NSUnitMass	lb	base	1	0.453592	3fdd07a6bd6e8af8	3fdd07a6bd6e8af8	==
NSUnitMass	lb	back	1	2.2046244201837775	4001a31220c537e2	4001a31220c537e2	==
NSUnitMass	lb	base	100	45.359200000000001	4046adfa43fe5c92	4046adfa43fe5c92	==
NSUnitMass	lb	back	100	220.46244201837774	406b8ecc53342751	406b8ecc53342751	==
NSUnitMass	st	base	0	0	0000000000000000	0000000000000000	==
NSUnitMass	st	back	0	0	0000000000000000	0000000000000000	==
NSUnitMass	st	base	1	6.3502900000000002	401966b26bf8769f	401966b26bf8769f	==
NSUnitMass	st	back	1	0.1574731232746851	3fc428144d3b5c20	3fc428144d3b5c20	==
NSUnitMass	st	base	100	635.029	4083d83b645a1cac	4083d83b645a1cac	==
NSUnitMass	st	back	100	15.747312327468508	402f7e9fb8acbff1	402f7e9fb8acbff1	==
NSUnitMass	t	base	0	0	0000000000000000	0000000000000000	==
NSUnitMass	t	back	0	0	0000000000000000	0000000000000000	==
NSUnitMass	t	base	1	1000	408f400000000000	408f400000000000	==
NSUnitMass	t	back	1	0.001	3f50624dd2f1a9fc	3f50624dd2f1a9fc	==
NSUnitMass	t	base	100	100000	40f86a0000000000	40f86a0000000000	==
NSUnitMass	t	back	100	0.10000000000000001	3fb999999999999a	3fb999999999999a	==
NSUnitMass	ton	base	0	0	0000000000000000	0000000000000000	==
NSUnitMass	ton	back	0	0	0000000000000000	0000000000000000	==
NSUnitMass	ton	base	1	907.18499999999995	408c597ae147ae14	408c597ae147ae14	==
NSUnitMass	ton	back	1	0.0011023109950010197	3f520f6d6b1b73f9	3f520f6d6b1b73f9	==
NSUnitMass	ton	base	100	90718.5	40f625e800000000	40f625e800000000	==
NSUnitMass	ton	back	100	0.11023109950010197	3fbc381af75ae535	3fbc381af75ae535	==
NSUnitMass	ct	base	0	0	0000000000000000	0000000000000000	==
NSUnitMass	ct	back	0	0	0000000000000000	0000000000000000	==
NSUnitMass	ct	base	1	0.00020000000000000001	3f2a36e2eb1c432d	3f2a36e2eb1c432d	==
NSUnitMass	ct	back	1	5000	40b3880000000000	40b3880000000000	==
NSUnitMass	ct	base	100	0.02	3f947ae147ae147b	3f947ae147ae147b	==
NSUnitMass	ct	back	100	500000	411e848000000000	411e848000000000	==
NSUnitMass	oz t	base	0	0	0000000000000000	0000000000000000	==
NSUnitMass	oz t	back	0	0	0000000000000000	0000000000000000	==
NSUnitMass	oz t	base	1	0.031103479999999999	3f9fd9973591316b	3f9fd9973591316b	==
NSUnitMass	oz t	back	1	32.150743260882706	4040134b8e1fcab4	4040134b8e1fcab4	==
NSUnitMass	oz t	base	100	3.1103480000000001	4008e1fe21d96e9c	4008e1fe21d96e9c	==
NSUnitMass	oz t	back	100	3215.0743260882705	40a91e260e11acb9	40a91e260e11acb9	==
NSUnitMass	slug	base	0	0	0000000000000000	0000000000000000	==
NSUnitMass	slug	back	0	0	0000000000000000	0000000000000000	==
NSUnitMass	slug	base	1	14.5939	402d3013a92a3055	402d3013a92a3055	==
NSUnitMass	slug	back	1	0.068521779647661013	3fb18aa4b2a68216	3fb18aa4b2a68216	==
NSUnitMass	slug	base	100	1459.3899999999999	4096cd8f5c28f5c2	4096cd8f5c28f5c2	==
NSUnitMass	slug	back	100	6.852177964766101	401b68a157242b42	401b68a157242b42	==
NSUnitPower	TW	base	0	0	0000000000000000	0000000000000000	==
NSUnitPower	TW	back	0	0	0000000000000000	0000000000000000	==
NSUnitPower	TW	base	1	1000000000000	426d1a94a2000000	426d1a94a2000000	==
NSUnitPower	TW	back	1	9.9999999999999998e-13	3d719799812dea11	3d719799812dea11	==
NSUnitPower	TW	base	100	100000000000000	42d6bcc41e900000	42d6bcc41e900000	==
NSUnitPower	TW	back	100	1e-10	3ddb7cdfd9d7bdbb	3ddb7cdfd9d7bdbb	==
NSUnitPower	GW	base	0	0	0000000000000000	0000000000000000	==
NSUnitPower	GW	back	0	0	0000000000000000	0000000000000000	==
NSUnitPower	GW	base	1	1000000000	41cdcd6500000000	41cdcd6500000000	==
NSUnitPower	GW	back	1	1.0000000000000001e-09	3e112e0be826d695	3e112e0be826d695	==
NSUnitPower	GW	base	100	100000000000	42374876e8000000	42374876e8000000	==
NSUnitPower	GW	back	100	9.9999999999999995e-08	3e7ad7f29abcaf48	3e7ad7f29abcaf48	==
NSUnitPower	MW	base	0	0	0000000000000000	0000000000000000	==
NSUnitPower	MW	back	0	0	0000000000000000	0000000000000000	==
NSUnitPower	MW	base	1	1000000	412e848000000000	412e848000000000	==
NSUnitPower	MW	back	1	9.9999999999999995e-07	3eb0c6f7a0b5ed8d	3eb0c6f7a0b5ed8d	==
NSUnitPower	MW	base	100	100000000	4197d78400000000	4197d78400000000	==
NSUnitPower	MW	back	100	0.0001	3f1a36e2eb1c432d	3f1a36e2eb1c432d	==
NSUnitPower	kW	base	0	0	0000000000000000	0000000000000000	==
NSUnitPower	kW	back	0	0	0000000000000000	0000000000000000	==
NSUnitPower	kW	base	1	1000	408f400000000000	408f400000000000	==
NSUnitPower	kW	back	1	0.001	3f50624dd2f1a9fc	3f50624dd2f1a9fc	==
NSUnitPower	kW	base	100	100000	40f86a0000000000	40f86a0000000000	==
NSUnitPower	kW	back	100	0.10000000000000001	3fb999999999999a	3fb999999999999a	==
NSUnitPower	W	base	0	0	0000000000000000	0000000000000000	==
NSUnitPower	W	back	0	0	0000000000000000	0000000000000000	==
NSUnitPower	W	base	1	1	3ff0000000000000	3ff0000000000000	==
NSUnitPower	W	back	1	1	3ff0000000000000	3ff0000000000000	==
NSUnitPower	W	base	100	100	4059000000000000	4059000000000000	==
NSUnitPower	W	back	100	100	4059000000000000	4059000000000000	==
NSUnitPower	mW	base	0	0	0000000000000000	0000000000000000	==
NSUnitPower	mW	back	0	0	0000000000000000	0000000000000000	==
NSUnitPower	mW	base	1	0.001	3f50624dd2f1a9fc	3f50624dd2f1a9fc	==
NSUnitPower	mW	back	1	1000	408f400000000000	408f400000000000	==
NSUnitPower	mW	base	100	0.10000000000000001	3fb999999999999a	3fb999999999999a	==
NSUnitPower	mW	back	100	100000	40f86a0000000000	40f86a0000000000	==
NSUnitPower	µW	base	0	0	0000000000000000	0000000000000000	==
NSUnitPower	µW	back	0	0	0000000000000000	0000000000000000	==
NSUnitPower	µW	base	1	9.9999999999999995e-07	3eb0c6f7a0b5ed8d	3eb0c6f7a0b5ed8d	==
NSUnitPower	µW	back	1	1000000	412e848000000000	412e848000000000	==
NSUnitPower	µW	base	100	9.9999999999999991e-05	3f1a36e2eb1c432c	3f1a36e2eb1c432c	==
NSUnitPower	µW	back	100	100000000	4197d78400000000	4197d78400000000	==
NSUnitPower	nW	base	0	0	0000000000000000	0000000000000000	==
NSUnitPower	nW	back	0	0	0000000000000000	0000000000000000	==
NSUnitPower	nW	base	1	1.0000000000000001e-09	3e112e0be826d695	3e112e0be826d695	==
NSUnitPower	nW	back	1	999999999.99999988	41cdcd64ffffffff	41cdcd64ffffffff	==
NSUnitPower	nW	base	100	1.0000000000000001e-07	3e7ad7f29abcaf49	3e7ad7f29abcaf49	==
NSUnitPower	nW	back	100	100000000000	42374876e8000000	42374876e8000000	==
NSUnitPower	pW	base	0	0	0000000000000000	0000000000000000	==
NSUnitPower	pW	back	0	0	0000000000000000	0000000000000000	==
NSUnitPower	pW	base	1	9.9999999999999998e-13	3d719799812dea11	3d719799812dea11	==
NSUnitPower	pW	back	1	1000000000000	426d1a94a2000000	426d1a94a2000000	==
NSUnitPower	pW	base	100	1e-10	3ddb7cdfd9d7bdbb	3ddb7cdfd9d7bdbb	==
NSUnitPower	pW	back	100	100000000000000	42d6bcc41e900000	42d6bcc41e900000	==
NSUnitPower	fW	base	0	0	0000000000000000	0000000000000000	==
NSUnitPower	fW	back	0	0	0000000000000000	0000000000000000	==
NSUnitPower	fW	base	1	1.0000000000000001e-15	3cd203af9ee75616	3cd203af9ee75616	==
NSUnitPower	fW	back	1	999999999999999.88	430c6bf52633ffff	430c6bf52633ffff	==
NSUnitPower	fW	base	100	1e-13	3d3c25c268497682	3d3c25c268497682	==
NSUnitPower	fW	back	100	1e+17	4376345785d8a000	4376345785d8a000	==
NSUnitPower	hp	base	0	0	0000000000000000	0000000000000000	==
NSUnitPower	hp	back	0	0	0000000000000000	0000000000000000	==
NSUnitPower	hp	base	1	745.70000000000005	40874d999999999a	40874d999999999a	==
NSUnitPower	hp	back	1	0.001341021858656296	3f55f8a741ac70bd	3f55f8a741ac70bd	==
NSUnitPower	hp	base	100	74570	40f234a000000000	40f234a000000000	==
NSUnitPower	hp	back	100	0.13410218586562961	3fc12a42ab4eb814	3fc12a42ab4eb814	==
NSUnitPressure	N/m²	base	0	0	0000000000000000	0000000000000000	==
NSUnitPressure	N/m²	back	0	0	0000000000000000	0000000000000000	==
NSUnitPressure	N/m²	base	1	1	3ff0000000000000	3ff0000000000000	==
NSUnitPressure	N/m²	back	1	1	3ff0000000000000	3ff0000000000000	==
NSUnitPressure	N/m²	base	100	100	4059000000000000	4059000000000000	==
NSUnitPressure	N/m²	back	100	100	4059000000000000	4059000000000000	==
NSUnitPressure	GPa	base	0	0	0000000000000000	0000000000000000	==
NSUnitPressure	GPa	back	0	0	0000000000000000	0000000000000000	==
NSUnitPressure	GPa	base	1	1000000000	41cdcd6500000000	41cdcd6500000000	==
NSUnitPressure	GPa	back	1	1.0000000000000001e-09	3e112e0be826d695	3e112e0be826d695	==
NSUnitPressure	GPa	base	100	100000000000	42374876e8000000	42374876e8000000	==
NSUnitPressure	GPa	back	100	9.9999999999999995e-08	3e7ad7f29abcaf48	3e7ad7f29abcaf48	==
NSUnitPressure	MPa	base	0	0	0000000000000000	0000000000000000	==
NSUnitPressure	MPa	back	0	0	0000000000000000	0000000000000000	==
NSUnitPressure	MPa	base	1	1000000	412e848000000000	412e848000000000	==
NSUnitPressure	MPa	back	1	9.9999999999999995e-07	3eb0c6f7a0b5ed8d	3eb0c6f7a0b5ed8d	==
NSUnitPressure	MPa	base	100	100000000	4197d78400000000	4197d78400000000	==
NSUnitPressure	MPa	back	100	0.0001	3f1a36e2eb1c432d	3f1a36e2eb1c432d	==
NSUnitPressure	kPa	base	0	0	0000000000000000	0000000000000000	==
NSUnitPressure	kPa	back	0	0	0000000000000000	0000000000000000	==
NSUnitPressure	kPa	base	1	1000	408f400000000000	408f400000000000	==
NSUnitPressure	kPa	back	1	0.001	3f50624dd2f1a9fc	3f50624dd2f1a9fc	==
NSUnitPressure	kPa	base	100	100000	40f86a0000000000	40f86a0000000000	==
NSUnitPressure	kPa	back	100	0.10000000000000001	3fb999999999999a	3fb999999999999a	==
NSUnitPressure	hPa	base	0	0	0000000000000000	0000000000000000	==
NSUnitPressure	hPa	back	0	0	0000000000000000	0000000000000000	==
NSUnitPressure	hPa	base	1	100	4059000000000000	4059000000000000	==
NSUnitPressure	hPa	back	1	0.01	3f847ae147ae147b	3f847ae147ae147b	==
NSUnitPressure	hPa	base	100	10000	40c3880000000000	40c3880000000000	==
NSUnitPressure	hPa	back	100	1	3ff0000000000000	3ff0000000000000	==
NSUnitPressure	inHg	base	0	0	0000000000000000	0000000000000000	==
NSUnitPressure	inHg	back	0	0	0000000000000000	0000000000000000	==
NSUnitPressure	inHg	base	1	3386.3899999999999	40aa74c7ae147ae1	40aa74c7ae147ae1	==
NSUnitPressure	inHg	back	1	0.00029529971444517615	3f335a4e9db61e8c	3f335a4e9db61e8c	==
NSUnitPressure	inHg	base	100	338639	4114ab3c00000000	4114ab3c00000000	==
NSUnitPressure	inHg	back	100	0.029529971444517616	3f9e3d1ad66c8fbb	3f9e3d1ad66c8fbb	==
NSUnitPressure	bar	base	0	0	0000000000000000	0000000000000000	==
NSUnitPressure	bar	back	0	0	0000000000000000	0000000000000000	==
NSUnitPressure	bar	base	1	100000	40f86a0000000000	40f86a0000000000	==
NSUnitPressure	bar	back	1	1.0000000000000001e-05	3ee4f8b588e368f1	3ee4f8b588e368f1	==
NSUnitPressure	bar	base	100	10000000	416312d000000000	416312d000000000	==
NSUnitPressure	bar	back	100	0.001	3f50624dd2f1a9fc	3f50624dd2f1a9fc	==
NSUnitPressure	mbar	base	0	0	0000000000000000	0000000000000000	==
NSUnitPressure	mbar	back	0	0	0000000000000000	0000000000000000	==
NSUnitPressure	mbar	base	1	100	4059000000000000	4059000000000000	==
NSUnitPressure	mbar	back	1	0.01	3f847ae147ae147b	3f847ae147ae147b	==
NSUnitPressure	mbar	base	100	10000	40c3880000000000	40c3880000000000	==
NSUnitPressure	mbar	back	100	1	3ff0000000000000	3ff0000000000000	==
NSUnitPressure	mmHg	base	0	0	0000000000000000	0000000000000000	==
NSUnitPressure	mmHg	back	0	0	0000000000000000	0000000000000000	==
NSUnitPressure	mmHg	base	1	133.322	4060aa4dd2f1a9fc	4060aa4dd2f1a9fc	==
NSUnitPressure	mmHg	back	1	0.0075006375541921064	3f7eb8fd0fe914b8	3f7eb8fd0fe914b8	==
NSUnitPressure	mmHg	base	100	13332.200000000001	40ca0a199999999a	40ca0a199999999a	==
NSUnitPressure	mmHg	back	100	0.75006375541921066	3fe80085b46e1830	3fe80085b46e1830	==
NSUnitPressure	psi	base	0	0	0000000000000000	0000000000000000	==
NSUnitPressure	psi	back	0	0	0000000000000000	0000000000000000	==
NSUnitPressure	psi	base	1	6894.7600000000002	40baeec28f5c28f6	40baeec28f5c28f6	==
NSUnitPressure	psi	back	1	0.00014503768078946911	3f2302a830fcc44a	3f2302a830fcc44a	==
NSUnitPressure	psi	base	100	689476	41250a8800000000	41250a8800000000	==
NSUnitPressure	psi	back	100	0.01450376807894691	3f8db426cc8af2b3	3f8db426cc8af2b3	==
NSUnitSpeed	m/s	base	0	0	0000000000000000	0000000000000000	==
NSUnitSpeed	m/s	back	0	0	0000000000000000	0000000000000000	==
NSUnitSpeed	m/s	base	1	1	3ff0000000000000	3ff0000000000000	==
NSUnitSpeed	m/s	back	1	1	3ff0000000000000	3ff0000000000000	==
NSUnitSpeed	m/s	base	100	100	4059000000000000	4059000000000000	==
NSUnitSpeed	m/s	back	100	100	4059000000000000	4059000000000000	==
NSUnitSpeed	km/h	base	0	0	0000000000000000	0000000000000000	==
NSUnitSpeed	km/h	back	0	0	0000000000000000	0000000000000000	==
NSUnitSpeed	km/h	base	1	0.27777800000000002	3fd1c71d60631727	3fd1c71d60631727	==
NSUnitSpeed	km/h	back	1	3.5999971200023038	400ccccb4a40d529	400ccccb4a40d529	==
NSUnitSpeed	km/h	base	100	27.777800000000003	403bc71de69ad42d	403bc71de69ad42d	==
NSUnitSpeed	km/h	back	100	359.99971200023037	40767ffed202a688	40767ffed202a688	==
NSUnitSpeed	mph	base	0	0	0000000000000000	0000000000000000	==
NSUnitSpeed	mph	back	0	0	0000000000000000	0000000000000000	==
NSUnitSpeed	mph	base	1	0.44703999999999999	3fdc9c4da9003eea	3fdc9c4da9003eea	==
NSUnitSpeed	mph	back	1	2.2369362920544025	4001e53edaccdf91	4001e53edaccdf91	==
NSUnitSpeed	mph	base	100	44.704000000000001	40465a1cac083127	40465a1cac083127	==
NSUnitSpeed	mph	back	100	223.69362920544023	406bf63235e01d52	406bf63235e01d52	==
NSUnitSpeed	kn	base	0	0	0000000000000000	0000000000000000	==
NSUnitSpeed	kn	back	0	0	0000000000000000	0000000000000000	==
NSUnitSpeed	kn	base	1	0.51444400000000001	3fe076534373f317	3fe076534373f317	==
NSUnitSpeed	kn	back	1	1.9438461717893492	3fff19fe7184a40e	3fff19fe7184a40e	==
NSUnitSpeed	kn	base	100	51.444400000000002	4049b8e219652bd4	4049b8e219652bd4	==
NSUnitSpeed	kn	back	100	194.38461717893492	40684c4ec8afa02b	40684c4ec8afa02b	==
NSUnitTemperature	K	base	0	0	0000000000000000	0000000000000000	==
NSUnitTemperature	K	back	0	0	0000000000000000	0000000000000000	==
NSUnitTemperature	K	base	1	1	3ff0000000000000	3ff0000000000000	==
NSUnitTemperature	K	back	1	1	3ff0000000000000	3ff0000000000000	==
NSUnitTemperature	K	base	100	100	4059000000000000	4059000000000000	==
NSUnitTemperature	K	back	100	100	4059000000000000	4059000000000000	==
NSUnitTemperature	°C	base	0	273.14999999999998	4071126666666666	4071126666666666	==
NSUnitTemperature	°C	back	0	-273.14999999999998	c071126666666666	c071126666666666	==
NSUnitTemperature	°C	base	1	274.14999999999998	4071226666666666	4071226666666666	==
NSUnitTemperature	°C	back	1	-272.14999999999998	c071026666666666	c071026666666666	==
NSUnitTemperature	°C	base	100	373.14999999999998	4077526666666666	4077526666666666	==
NSUnitTemperature	°C	back	100	-173.14999999999998	c065a4cccccccccc	c065a4cccccccccc	==
NSUnitTemperature	°F	base	0	255.37222222222428	406febe93e93e987	406febe93e93e986	!=
NSUnitTemperature	°F	back	0	-459.67000000000002	c07cbab851eb851f	c07cbab851eb851f	==
NSUnitTemperature	°F	base	1	255.92777777777985	406ffdb05b05b0a4	406ffdb05b05b0a4	==
NSUnitTemperature	°F	back	1	-457.87	c07c9deb851eb852	c07c9deb851eb852	==
NSUnitTemperature	°F	base	100	310.92777777778031	40736ed82d82d85a	40736ed82d82d85a	==
NSUnitTemperature	°F	back	100	-279.67000000000144	c0717ab851eb8538	c0717ab851eb8538	==
NSUnitVolume	ML	base	0	0	0000000000000000	0000000000000000	==
NSUnitVolume	ML	back	0	0	0000000000000000	0000000000000000	==
NSUnitVolume	ML	base	1	1000000	412e848000000000	412e848000000000	==
NSUnitVolume	ML	back	1	9.9999999999999995e-07	3eb0c6f7a0b5ed8d	3eb0c6f7a0b5ed8d	==
NSUnitVolume	ML	base	100	100000000	4197d78400000000	4197d78400000000	==
NSUnitVolume	ML	back	100	0.0001	3f1a36e2eb1c432d	3f1a36e2eb1c432d	==
NSUnitVolume	kL	base	0	0	0000000000000000	0000000000000000	==
NSUnitVolume	kL	back	0	0	0000000000000000	0000000000000000	==
NSUnitVolume	kL	base	1	1000	408f400000000000	408f400000000000	==
NSUnitVolume	kL	back	1	0.001	3f50624dd2f1a9fc	3f50624dd2f1a9fc	==
NSUnitVolume	kL	base	100	100000	40f86a0000000000	40f86a0000000000	==
NSUnitVolume	kL	back	100	0.10000000000000001	3fb999999999999a	3fb999999999999a	==
NSUnitVolume	L	base	0	0	0000000000000000	0000000000000000	==
NSUnitVolume	L	back	0	0	0000000000000000	0000000000000000	==
NSUnitVolume	L	base	1	1	3ff0000000000000	3ff0000000000000	==
NSUnitVolume	L	back	1	1	3ff0000000000000	3ff0000000000000	==
NSUnitVolume	L	base	100	100	4059000000000000	4059000000000000	==
NSUnitVolume	L	back	100	100	4059000000000000	4059000000000000	==
NSUnitVolume	dL	base	0	0	0000000000000000	0000000000000000	==
NSUnitVolume	dL	back	0	0	0000000000000000	0000000000000000	==
NSUnitVolume	dL	base	1	0.10000000000000001	3fb999999999999a	3fb999999999999a	==
NSUnitVolume	dL	back	1	10	4024000000000000	4024000000000000	==
NSUnitVolume	dL	base	100	10	4024000000000000	4024000000000000	==
NSUnitVolume	dL	back	100	1000	408f400000000000	408f400000000000	==
NSUnitVolume	cL	base	0	0	0000000000000000	0000000000000000	==
NSUnitVolume	cL	back	0	0	0000000000000000	0000000000000000	==
NSUnitVolume	cL	base	1	0.01	3f847ae147ae147b	3f847ae147ae147b	==
NSUnitVolume	cL	back	1	100	4059000000000000	4059000000000000	==
NSUnitVolume	cL	base	100	1	3ff0000000000000	3ff0000000000000	==
NSUnitVolume	cL	back	100	10000	40c3880000000000	40c3880000000000	==
NSUnitVolume	mL	base	0	0	0000000000000000	0000000000000000	==
NSUnitVolume	mL	back	0	0	0000000000000000	0000000000000000	==
NSUnitVolume	mL	base	1	0.001	3f50624dd2f1a9fc	3f50624dd2f1a9fc	==
NSUnitVolume	mL	back	1	1000	408f400000000000	408f400000000000	==
NSUnitVolume	mL	base	100	0.10000000000000001	3fb999999999999a	3fb999999999999a	==
NSUnitVolume	mL	back	100	100000	40f86a0000000000	40f86a0000000000	==
NSUnitVolume	km³	base	0	0	0000000000000000	0000000000000000	==
NSUnitVolume	km³	back	0	0	0000000000000000	0000000000000000	==
NSUnitVolume	km³	base	1	1000000000000	426d1a94a2000000	426d1a94a2000000	==
NSUnitVolume	km³	back	1	9.9999999999999998e-13	3d719799812dea11	3d719799812dea11	==
NSUnitVolume	km³	base	100	100000000000000	42d6bcc41e900000	42d6bcc41e900000	==
NSUnitVolume	km³	back	100	1e-10	3ddb7cdfd9d7bdbb	3ddb7cdfd9d7bdbb	==
NSUnitVolume	m³	base	0	0	0000000000000000	0000000000000000	==
NSUnitVolume	m³	back	0	0	0000000000000000	0000000000000000	==
NSUnitVolume	m³	base	1	1000	408f400000000000	408f400000000000	==
NSUnitVolume	m³	back	1	0.001	3f50624dd2f1a9fc	3f50624dd2f1a9fc	==
NSUnitVolume	m³	base	100	100000	40f86a0000000000	40f86a0000000000	==
NSUnitVolume	m³	back	100	0.10000000000000001	3fb999999999999a	3fb999999999999a	==
NSUnitVolume	dm³	base	0	0	0000000000000000	0000000000000000	==
NSUnitVolume	dm³	back	0	0	0000000000000000	0000000000000000	==
NSUnitVolume	dm³	base	1	1	3ff0000000000000	3ff0000000000000	==
NSUnitVolume	dm³	back	1	1	3ff0000000000000	3ff0000000000000	==
NSUnitVolume	dm³	base	100	100	4059000000000000	4059000000000000	==
NSUnitVolume	dm³	back	100	100	4059000000000000	4059000000000000	==
NSUnitVolume	cm³	base	0	0	0000000000000000	0000000000000000	==
NSUnitVolume	cm³	back	0	0	0000000000000000	0000000000000000	==
NSUnitVolume	cm³	base	1	0.001	3f50624dd2f1a9fc	3f50624dd2f1a9fc	==
NSUnitVolume	cm³	back	1	1000	408f400000000000	408f400000000000	==
NSUnitVolume	cm³	base	100	0.10000000000000001	3fb999999999999a	3fb999999999999a	==
NSUnitVolume	cm³	back	100	100000	40f86a0000000000	40f86a0000000000	==
NSUnitVolume	mm³	base	0	0	0000000000000000	0000000000000000	==
NSUnitVolume	mm³	back	0	0	0000000000000000	0000000000000000	==
NSUnitVolume	mm³	base	1	9.9999999999999995e-07	3eb0c6f7a0b5ed8d	3eb0c6f7a0b5ed8d	==
NSUnitVolume	mm³	back	1	1000000	412e848000000000	412e848000000000	==
NSUnitVolume	mm³	base	100	9.9999999999999991e-05	3f1a36e2eb1c432c	3f1a36e2eb1c432c	==
NSUnitVolume	mm³	back	100	100000000	4197d78400000000	4197d78400000000	==
NSUnitVolume	in³	base	0	0	0000000000000000	0000000000000000	==
NSUnitVolume	in³	back	0	0	0000000000000000	0000000000000000	==
NSUnitVolume	in³	base	1	0.016387100000000002	3f90c7c7aa4e1cc4	3f90c7c7aa4e1cc4	==
NSUnitVolume	in³	back	1	61.023610034722431	404e8305a7537ec1	404e8305a7537ec1	==
NSUnitVolume	in³	base	100	1.6387100000000001	3ffa3827fa1a0cf2	3ffa3827fa1a0cf2	==
NSUnitVolume	in³	back	100	6102.3610034722424	40b7d65c6ab93b06	40b7d65c6ab93b06	==
NSUnitVolume	ft³	base	0	0	0000000000000000	0000000000000000	==
NSUnitVolume	ft³	back	0	0	0000000000000000	0000000000000000	==
NSUnitVolume	ft³	base	1	28.316800000000001	403c5119ce075f70	403c5119ce075f70	==
NSUnitVolume	ft³	back	1	0.035314724827664144	3fa214c5886773fb	3fa214c5886773fb	==
NSUnitVolume	ft³	base	100	2831.6800000000003	40a61f5c28f5c290	40a61f5c28f5c290	==
NSUnitVolume	ft³	back	100	3.5314724827664143	400c4074a521a538	400c4074a521a538	==
NSUnitVolume	yd³	base	0	0	0000000000000000	0000000000000000	==
NSUnitVolume	yd³	back	0	0	0000000000000000	0000000000000000	==
NSUnitVolume	yd³	base	1	764.55499999999995	4087e470a3d70a3d	4087e470a3d70a3d	==
NSUnitVolume	yd³	back	1	0.0013079503763627209	3f556df105d75900	3f556df105d75900	==
NSUnitVolume	yd³	base	100	76455.5	40f2aa7800000000	40f2aa7800000000	==
NSUnitVolume	yd³	back	100	0.13079503763627209	3fc0bde44c903d88	3fc0bde44c903d88	==
NSUnitVolume	mi³	base	0	0	0000000000000000	0000000000000000	==
NSUnitVolume	mi³	back	0	0	0000000000000000	0000000000000000	==
NSUnitVolume	mi³	base	1	4168000000000	428e538146800000	428e538146800000	==
NSUnitVolume	mi³	back	1	2.3992322456813821e-13	3d50e212948a67c2	3d50e212948a67c2	==
NSUnitVolume	mi³	base	100	416800000000000	42f7b13cff140000	42f7b13cff140000	==
NSUnitVolume	mi³	back	100	2.399232245681382e-11	3dba613d0818421f	3dba613d0818421f	==
NSUnitVolume	af	base	0	0	0000000000000000	0000000000000000	==
NSUnitVolume	af	back	0	0	0000000000000000	0000000000000000	==
NSUnitVolume	af	base	1	1233000	4132d06800000000	4132d06800000000	==
NSUnitVolume	af	back	1	8.1103000811030005e-07	3eab36b1d949fa93	3eab36b1d949fa93	==
NSUnitVolume	af	base	100	123300000	419d65a280000000	419d65a280000000	==
NSUnitVolume	af	back	100	8.1103000811030008e-05	3f1542baf1c1cbc3	3f1542baf1c1cbc3	==
NSUnitVolume	bsh	base	0	0	0000000000000000	0000000000000000	==
NSUnitVolume	bsh	back	0	0	0000000000000000	0000000000000000	==
NSUnitVolume	bsh	base	1	35.239100000000001	40419e9ad42c3c9f	40419e9ad42c3c9f	==
NSUnitVolume	bsh	back	1	0.028377569234174539	3f9d0f026f33f93a	3f9d0f026f33f93a	==
NSUnitVolume	bsh	base	100	3523.9099999999999	40ab87d1eb851eb8	40ab87d1eb851eb8	==
NSUnitVolume	bsh	back	100	2.8377569234174538	4006b3b9e6e09ab5	4006b3b9e6e09ab5	==
NSUnitVolume	tsp	base	0	0	0000000000000000	0000000000000000	==
NSUnitVolume	tsp	back	0	0	0000000000000000	0000000000000000	==
NSUnitVolume	tsp	base	1	0.0049289199999999998	3f743058e3460afc	3f743058e3460afc	==
NSUnitVolume	tsp	back	1	202.88420181297323	40695c4b6199b916	40695c4b6199b916	==
NSUnitVolume	tsp	base	100	0.492892	3fdf8b8ae31d712a	3fdf8b8ae31d712a	==
NSUnitVolume	tsp	back	100	20288.420181297322	40d3d01ae4401899	40d3d01ae4401899	==
NSUnitVolume	tbsp	base	0	0	0000000000000000	0000000000000000	==
NSUnitVolume	tbsp	back	0	0	0000000000000000	0000000000000000	==
NSUnitVolume	tbsp	base	1	0.014786799999999999	3f8e488ab34cc906	3f8e488ab34cc906	==
NSUnitVolume	tbsp	back	1	67.627884329266649	4050e82f41c0f7c1	4050e82f41c0f7c1	==
NSUnitVolume	tbsp	base	100	1.47868	3ff7a8ac5c13fd0d	3ff7a8ac5c13fd0d	==
NSUnitVolume	tbsp	back	100	6762.7884329266644	40ba6ac9d6bd831d	40ba6ac9d6bd831d	==
NSUnitVolume	fl oz	base	0	0	0000000000000000	0000000000000000	==
NSUnitVolume	fl oz	back	0	0	0000000000000000	0000000000000000	==
NSUnitVolume	fl oz	base	1	0.029573499999999999	3f9e4883fd502257	3f9e4883fd502257	==
NSUnitVolume	fl oz	back	1	33.81405650328842	4040e83300e55c25	4040e83300e55c25	==
NSUnitVolume	fl oz	base	100	2.9573499999999999	4007a8a71de69ad4	4007a8a71de69ad4	==
NSUnitVolume	fl oz	back	100	3381.4056503288416	40aa6acfb1665ff9	40aa6acfb1665ff9	==
NSUnitVolume	cup	base	0	0	0000000000000000	0000000000000000	==
NSUnitVolume	cup	back	0	0	0000000000000000	0000000000000000	==
NSUnitVolume	cup	base	1	0.23999999999999999	3fceb851eb851eb8	3fceb851eb851eb8	==
NSUnitVolume	cup	back	1	4.166666666666667	4010aaaaaaaaaaab	4010aaaaaaaaaaab	==
NSUnitVolume	cup	base	100	24	4038000000000000	4038000000000000	==
NSUnitVolume	cup	back	100	416.66666666666669	407a0aaaaaaaaaab	407a0aaaaaaaaaab	==
NSUnitVolume	pt	base	0	0	0000000000000000	0000000000000000	==
NSUnitVolume	pt	back	0	0	0000000000000000	0000000000000000	==
NSUnitVolume	pt	base	1	0.47317599999999999	3fde4883fd502257	3fde4883fd502257	==
NSUnitVolume	pt	back	1	2.1133785314555262	4000e83300e55c25	4000e83300e55c25	==
NSUnitVolume	pt	base	100	47.317599999999999	4047a8a71de69ad4	4047a8a71de69ad4	==
NSUnitVolume	pt	back	100	211.3378531455526	406a6acfb1665ff9	406a6acfb1665ff9	==
NSUnitVolume	qt	base	0	0	0000000000000000	0000000000000000	==
NSUnitVolume	qt	back	0	0	0000000000000000	0000000000000000	==
NSUnitVolume	qt	base	1	0.946353	3fee4886162f166e	3fee4886162f166e	==
NSUnitVolume	qt	back	1	1.0566881491367386	3ff0e831d529cf1b	3ff0e831d529cf1b	==
NSUnitVolume	qt	base	100	94.635300000000001	4057a8a8c154c986	4057a8a8c154c986	==
NSUnitVolume	qt	back	100	105.66881491367386	405a6acddd11539a	405a6acddd11539a	==
NSUnitVolume	gal	base	0	0	0000000000000000	0000000000000000	==
NSUnitVolume	gal	back	0	0	0000000000000000	0000000000000000	==
NSUnitVolume	gal	base	1	3.7854100000000002	400e488509bf9c63	400e488509bf9c63	==
NSUnitVolume	gal	back	1	0.26417217685798894	3fd0e8326b07906f	3fd0e8326b07906f	==
NSUnitVolume	gal	base	100	378.541	4077a8a7ef9db22d	4077a8a7ef9db22d	==
NSUnitVolume	gal	back	100	26.417217685798896	403a6acec73bd1ae	403a6acec73bd1ae	==
NSUnitVolume	tsp	base	0	0	0000000000000000	0000000000000000	==
NSUnitVolume	tsp	back	0	0	0000000000000000	0000000000000000	==
NSUnitVolume	tsp	base	1	0.0059193900000000001	3f783eee276574a4	3f783eee276574a4	==
NSUnitVolume	tsp	back	1	168.93632620928847	40651df66261e903	40651df66261e903	==
NSUnitVolume	tsp	base	100	0.59193899999999999	3fe2f12a0ec74320	3fe2f12a0ec74320	==
NSUnitVolume	tsp	back	100	16893.632620928845	40d07f687cdc7e0a	40d07f687cdc7e0a	==
NSUnitVolume	tbsp	base	0	0	0000000000000000	0000000000000000	==
NSUnitVolume	tbsp	back	0	0	0000000000000000	0000000000000000	==
NSUnitVolume	tbsp	base	1	0.017758199999999998	3f922f34a0f17caf	3f922f34a0f17caf	==
NSUnitVolume	tbsp	back	1	56.312013604982489	404c27f00fd2a747	404c27f00fd2a747	==
NSUnitVolume	tbsp	base	100	1.7758199999999997	3ffc69c23b7952d1	3ffc69c23b7952d1	==
NSUnitVolume	tbsp	back	100	5631.2013604982494	40b5ff338c5c92b0	40b5ff338c5c92b0	==
NSUnitVolume	fl oz	base	0	0	0000000000000000	0000000000000000	==
NSUnitVolume	fl oz	back	0	0	0000000000000000	0000000000000000	==
NSUnitVolume	fl oz	base	1	0.0284131	3f9d1852dd1ca629	3f9d1852dd1ca629	==
NSUnitVolume	fl oz	back	1	35.195033276903963	404198f6d9b4f795	404198f6d9b4f795	==
NSUnitVolume	fl oz	base	100	2.84131	4006bb00bcbe61d0	4006bb00bcbe61d0	==
NSUnitVolume	fl oz	back	100	3519.5033276903964	40ab7f01b42ac2d9	40ab7f01b42ac2d9	==
NSUnitVolume	pt	base	0	0	0000000000000000	0000000000000000	==
NSUnitVolume	pt	back	0	0	0000000000000000	0000000000000000	==
NSUnitVolume	pt	base	1	0.56826100000000002	3fe22f31b152f3c3	3fe22f31b152f3c3	==
NSUnitVolume	pt	back	1	1.759754760576566	3ffc27f49b9a81af	3ffc27f49b9a81af	==
NSUnitVolume	pt	base	100	56.826100000000004	404c69bda5119ce1	404c69bda5119ce1	==
NSUnitVolume	pt	back	100	175.97547605765661	4065ff371990b551	4065ff371990b551	==
NSUnitVolume	qt	base	0	0	0000000000000000	0000000000000000	==
NSUnitVolume	qt	back	0	0	0000000000000000	0000000000000000	==
NSUnitVolume	qt	base	1	1.13652	3ff22f2f9873ffac	3ff22f2f9873ffac	==
NSUnitVolume	qt	back	1	0.87987892865941653	3fec27f7dae103c7	3fec27f7dae103c7	==
NSUnitVolume	qt	base	100	113.652	405c69ba5e353f7d	405c69ba5e353f7d	==
NSUnitVolume	qt	back	100	87.987892865941646	4055ff39a2ffcaf3	4055ff39a2ffcaf3	==
NSUnitVolume	gal	base	0	0	0000000000000000	0000000000000000	==
NSUnitVolume	gal	back	0	0	0000000000000000	0000000000000000	==
NSUnitVolume	gal	base	1	4.5460900000000004	40122f32378ab0c9	40122f32378ab0c9	==
NSUnitVolume	gal	back	1	0.21996924829908776	3fcc27f3cbc8ff1e	3fcc27f3cbc8ff1e	==
NSUnitVolume	gal	base	100	454.60900000000004	407c69be76c8b43a	407c69be76c8b43a	==
NSUnitVolume	gal	back	100	21.996924829908778	4035ff3677350750	4035ff3677350750	==
NSUnitVolume	metric cup	base	0	0	0000000000000000	0000000000000000	==
NSUnitVolume	metric cup	back	0	0	0000000000000000	0000000000000000	==
NSUnitVolume	metric cup	base	1	0.25	3fd0000000000000	3fd0000000000000	==
NSUnitVolume	metric cup	back	1	4	4010000000000000	4010000000000000	==
NSUnitVolume	metric cup	base	100	25	4039000000000000	4039000000000000	==
NSUnitVolume	metric cup	back	100	400	4079000000000000	4079000000000000	==
